Country_Code,Year,location_SO,tech_high_count,tech_low_count,total_posts,ECI,location_GH,total_projects,tech_high_projects,tech_low_projects,GDP_Per_Capita,country_code,total_patents,tech_hard_patents,Score_Intent,Score_Construction,Total_Volume_Soft,Syber_Index,Patent_Index,Cluster
ARG,2015,"ArgentinaBuenos Aires, ArgentinaCórdoba, ArgentinaLa Plata, ArgentinaCordoba, ArgentinaBuenos Aires, Autonomous City of Buenos Aires, ArgentinaBuenos Aires, CABA, ArgentinaRosario, Santa Fe, ArgentinaBuenos Aires, Ciudad Autónoma de Buenos Aires, ArgentinaMendoza, ArgentinaSanta Fe, ArgentinaCórdoba, Cordoba, ArgentinaRosario, ArgentinaConcepción del Uruguay, ArgentinaLa Plata, Buenos Aires Province, ArgentinaEl Bolsón, Río Negro, ArgentinaRosario, Santa Fe Province, ArgentinaTandil, Buenos Aires, Argentina",184,988,8529,0.035,"ArgentinaBuenos Aires, ArgentinaCórdoba, ArgentinaRosario, ArgentinaCordoba, ArgentinaMendoza, ArgentinaBuenos Aires - ArgentinaBuenos Aires, Argentina.Rosario, Santa Fe, ArgentinaSanta Fe, ArgentinaLa Plata, Buenos Aires, ArgentinaLa Plata, ArgentinaArgentina, Buenos AiresTandil, ArgentinaTucuman, ArgentinaCiudad Autónoma de Buenos Aires, ArgentinaRosario - ArgentinaCapital Federal, ArgentinaargentinaSan Luis, ArgentinaBuenos Aires,ArgentinaTucumán, Argentinabuenos aires, argentinaMar del Plata, ArgentinaResistencia, Chaco, ArgentinaCórdoba - ArgentinaArgentina, Costa Rica, Venezuela, EcuadorBariloche, Argentina",17215.0,1987.0,6591.0,13679.6264980954,0,0.0,0.0,0.18604651162790697,0.3014259708737864,25744.0,2.475384221119649,0.0,1
AUS,2015,"AustraliaMelbourne, AustraliaSydney, AustraliaMelbourne VIC, AustraliaSydney NSW, AustraliaMelbourne, Victoria, AustraliaBrisbane, AustraliaSydney, New South Wales, AustraliaPerth, AustraliaBrisbane QLD, AustraliaAdelaide, AustraliaCanberra, AustraliaBrisbane, Queensland, AustraliaPerth WA, AustraliaGold Coast, Queensland, AustraliaSydney AustraliaSydney New South Wales, AustraliaBrisbane City QLD, AustraliaPerth, Western Australia, AustraliaRockingham WA, AustraliaPerth, Western AustraliaAdelaide SA, AustraliaQueensland, AustraliaCanberra ACT, AustraliaGold Coast, AustraliaCanberra, Australian Capital Territory, AustraliaBrisbane City, Queensland, AustraliaAdelaide, South Australia, AustraliaSt Kilda, AustraliaNewcastle, New South Wales, AustraliaSunshine Coast QLD, AustraliaWestern Australia, AustraliaVictoria, AustraliaAdelaide/Sydney, AustraliaHobart, AustraliaNewcastle, AustraliaSunshine Coast, Queensland, AustraliaTownsville, AustraliaQLD, AustraliaSouth Australia, AustraliaBlackburn, AustraliaAustralian Capital Territory, AustraliaPort Pirie, AustraliaMichelago NSW, AustraliaWollongong, Australia",1389,5537,50005,-0.242,"AustraliaMelbourne, AustraliaSydney, AustraliaBrisbane, AustraliaPerth, AustraliaCanberra, AustraliaPerth, Western AustraliaAdelaide, AustraliaSydney AustraliaMelbourne, Victoria, AustraliaMelbourne AustraliaAdelaide, South AustraliaGold Coast, AustraliaSydney, NSW, AustraliaNSW, AustraliaMelbourne, VIC, AustraliaBrisbane, QLD, AustraliaQueensland, AustraliaWestern AustraliaVictoria, AustraliaNewcastle, AustraliaHobart, AustraliaBrisbane AustraliaBrisbane, Queensland, AustraliaTasmania, AustraliaSydney,AustraliaLaunceston, Tasmania, AustraliaTownsville, AustraliaSouth AustraliaWollongong, AustraliaCanberra, ACT, AustraliaNewcastle, NSW, AustraliaAdelaide, SA, AustraliaMelbourne, Australia.Melbourne,AustraliaGeelong, Victoria, AustraliaSunshine Coast, AustraliaSydney - AustraliaHobart, Tasmania, AustraliaBlue Mountains, AustraliaAustralia, SydneyCairns, AustraliaQLD, AustraliaBrisbane, Australia.Geelong, AustraliaMelbourne ,AustraliaMelbourne - Australia",62703.0,8674.0,20597.0,56739.0265346593,0,0.0,0.0,0.25081256771397614,0.4211088455189824,112708.0,3.908084607615786,0.0,2
AUT,2015,"AustriaVienna, AustriaLinz, AustriaGraz, AustriaSalzburg, AustriaInnsbruck, AustriaWien, AustriaAustria, EuropeSillian, AustriaUpper AustriaStyria, AustriaDornbirn, AustriaVienna, Vienna, AustriaVorarlberg, Austria",303,1264,14444,1.77,"AustriaVienna, AustriaGraz, AustriaLinz, AustriaSalzburg, AustriaInnsbruck, AustriaVienna/AustriaAustria, ViennaVienna / AustriaAustria, GrazKlagenfurt, AustriaAustria/ViennaVienna - AustriaWien, AustriaVienna, Austria, EuropeLinz/AustriaKumberg, Austria",12097.0,1669.0,3951.0,43915.228020857,0,0.0,0.0,0.23952569169960475,0.4223178137651822,26541.0,3.3709290279389226,0.0,2
BEL,2015,"BelgiumBrussels, BelgiumAntwerp, BelgiumGhent, BelgiumLeuven, BelgiumBruges, BelgiumErembodegem, Aalst, BelgiumAntwerpen, BelgiumGenval, BelgiumHasselt, BelgiumGent, BelgiumZemst, BelgiumYpres, BelgiumMechelen, BelgiumDiest, BelgiumLiège, BelgiumEsssen, BelgiumBruxelles, BelgiumWervik, BelgiumDe Panne, BelgiumKortrijk, Belgium",442,2082,19312,1.315,"BelgiumBrussels, BelgiumGhent, BelgiumAntwerp, BelgiumLeuven, BelgiumGent, BelgiumLiège, BelgiumBruxelles, BelgiumbelgiumLouvain-la-Neuve, BelgiumHasselt, BelgiumMechelen, BelgiumWaterloo - BelgiumNamur, BelgiumMons, BelgiumBrugge, BelgiumBruges, BelgiumKortrijk, BelgiumGent - BelgiumEupen (Belgium), Heinerscheid (Luxembourg)Belgium / WaregemAntwerpen, Belgium",19083.0,2294.0,6712.0,40893.804537772,0,0.0,0.0,0.21219395103216515,0.34172501117235216,38395.0,2.923503567239917,0.0,2
BGD,2015,"Dhaka, BangladeshBangladeshDhaka, Dhaka Division, BangladeshChittagong, BangladeshDhaka,BangladeshSylhet, BangladeshDhaka Division, BangladeshBangladesh, DhakaKhulna, Khulna Division, BangladeshKhulna, Bangladesh",209,2678,12651,-1.205,"Dhaka, BangladeshBangladeshDhaka,BangladeshDhaka, Bangladesh.Sylhet, BangladeshDhaka , BangladeshDhaka BangladeshRajshahi, BangladeshChittagong, BangladeshKhulna, BangladeshbangladeshBangladesh, DhakaKajalshah, Sylhet , BangladeshDhaka ,Bangladesh",12685.0,1014.0,5190.0,1224.38647668165,0,0.0,0.0,0.07801418439716312,0.19533808514737044,25336.0,1.3858988845759315,0.0,1
BRA,2015,"BrazilSao Paulo, BrazilBrasilRio de Janeiro, BrazilSão Paulo, BrazilPorto Alegre, BrazilSão Paulo - State of São Paulo, BrazilSão Paulo, SP, BrasilBelo Horizonte, BrazilSão Paulo, State of São Paulo, BrazilSão Paulo - SP, BrasilRio de Janeiro, RJ, BrasilCuritiba, BrazilBrasilia, BrazilCampinas, BrazilNatal, BrazilRecife, BrazilFlorianopolis, BrazilBelo Horizonte - MG, BrasilSão Paulo, BrasilAraraquara - SP, BrasilSão Paulo - BrazilPorto Alegre, RS, BrazilRio De Janeiro, BrazilCuritiba, PR, BrasilJoinville, BrazilLondrina, BrazilBlumenau, BrazilFortaleza, BrazilSão Paulo, Brazil.Rio de Janeiro - State of Rio de Janeiro, BrazilCuritiba, State of Paraná, BrazilCuritiba - State of Paraná, BrazilCampinas, SP, BrazilBelo Horizonte - State of Minas Gerais, BrazilPorto Alegre - RS, BrasilGoiania, BrazilFlorianópolis, SC, BrasilCampinas - SP, BrasilCampinas, State of São Paulo, BrazilBelo Horizonte, MG, BrasilFlorianópolis, BrazilSão Paulo - BrasilRio de Janeiro - RJ, BrasilRio Grande do Sul, BrazilItabuna, BrazilGoiânia, GO, BrasilFlorianópolis, State of Santa Catarina, BrazilSalvador, BrazilRio Grande, BrazilTubarao, BrazilFortaleza - CE, BrasilCampinas, SP, BrasilBrazil, São PauloUberlandia, BrazilAnapolis, BrazilCasca/RS, BrasilPorto Alegre - RS - BrasilCuritiba - PR, BrasilBrasília - DF, BrasilSão José dos Campos - SP, BrasilSão Carlos, State of São Paulo, BrazilPorto Alegre, RS, BrasilBelo Horizonte/MG - BrazilRio de Janeiro - BrazilBelo Horizonte, State of Minas Gerais, BrazilRibeirao Preto, BrazilRio Grande do Sul, BrasilJuiz de Fora, MG, BrasilSP - BrasilSão Paulo - SP, BrazilBrasília - Federal District, BrazilSantos, BrazilFortaleza, CE, BrasilSao Bernardo do Campo, BrazilBixiga, São Paulo - State of São Paulo, BrazilSalvador - BA - BrazilFlorianópolis - SC, BrasilCubatao, BrazilMinas Gerais, BrazilBrazília - Federal District, BrazilBlumenau - State of Santa Catarina, BrazilFlorianópolis - State of Santa Catarina, BrazilBuenos Aires, capital of BrazilSao Carlos, Brazil",964,3702,32802,0.24,"BrazilBrasilSão Paulo, BrazilRio de Janeiro, BrazilSão Paulo, BrasilSão Paulo - BrazilBelo Horizonte, BrazilSao Paulo, BrazilSão Paulo - BrasilPorto Alegre, BrazilRio de Janeiro, BrasilFlorianópolis, BrazilRecife, BrazilCuritiba, BrazilSão Paulo, SP, BrazilRio de Janeiro - BrasilRio de Janeiro - BrazilBrasília, BrazilCampinas, BrazilSão Paulo, SP, BrasilSão Paulo, SP - BrazilPorto Alegre, RS, BrazilSanto André/SP - BrazilFlorianópolis, SC, BrazilSão Paulo - SP, BrazilSao Paulo - BrazilBelo Horizonte - BrazilSão Paulo / BrasilBrasilia, BrazilSão Paulo - SP - BrazilBrazil, São PauloSão Paulo / BrazilSão Paulo - SP - BrasilRio de Janeiro - RJ, BrasilFortaleza, BrazilCampinas, SP, BrazilSalvador, Bahia, BrazilSão Paulo/BrazilPorto Alegre - BrazilMaringá, BrazilFlorianópolis, SC - BrazilSalvador, Bahia, BrasilBelo Horizonte, MG - BrazilBrasília, BrasilBelo Horizonte, BrasilRestinga, SP, BrasilBelo Horizonte, Minas Gerais, BrazilSão Paulo, SP - BrasilGoiânia, BrazilFlorianópolis, BrasilCuritiba, BrasilBrasil, São PauloFortaleza, CE, BrazilRio de Janeiro, RJ, BrazilBrazil, Rio de JaneiroBrasiliabrazilJoinville, BrazilPorto Alegre, BrasilRio de Janeiro, RJ, BrasilBelo Horizonte, MG, BrasilRecife, Pernambuco, BrazilRecife, PE, BrazilPorto Alegre, RS - BrazilBrazil - São PauloSalvador, BrazilBelo Horizonte, MG, BrazilFlorianopolis, BrazilPorto Alegre, RS, BrasilRecife, BrasilFortaleza, Ceará, BrazilFortaleza - BrazilCampinas, SP - BrazilSorocaba, BrazilCampinas - BrazilJoinville / SC - BrazilPorto Alegre, RS - BrasilRio Grande do Sul, BrazilFlorianópolis, SC, BrasilBrasilia - BrasilFortaleza, Ceará, BrasilJoão Pessoa, BrazilSP - BrazilSão Carlos, SP, BrazilRio de Janeiro, RJ - BrazilPalmas, Tocantins, BrazilCampinas - SP - BrazilBrasília - BrazilNatal, BrazilCuritba/PR - BrasilPorto Alegre - RS - BrasilNatal, RN, BrazilRS, BrazilFortaleza, BrasilCampinas, São Paulo, BrazilSao Paulo, BrasilMinas Gerais, BrazilPorto Alegre - RS - BrazilParaná, BrazilSP, BrazilCuritiba - BrazilCampinas, BrasilCampinas, SP, BrasilPasso Fundo - RS, BrasilBrazil - São Paulo - SPSão Paulo/SP - BrazilFlorianopolis - SC - BrazilSao Paulo / BrazilBelo Horizonte, Minas Gerais, BrasilBrazil - Rio de JaneiroMinas Gerais, BrasilRio de Janeiro / BrazilCuritiba, PR - BrazilCampo Grande, MS, BrazilRio Grande do Sul, BrasilBrazil, Lutécia - SpFlorianópolis - BrazilCuritiba, PR, BrazilLondrina, BrazilSanta Catarina, BrazilBrazil, HUE, 7-1Curitiba - PR - BrazilBRAZILPorto Alegre - BrasilCuritiba, Paraná, BrasilCuritiba - BrasilFortaleza - Ceará - BrasilBelo Horizonte - MG - BrazilRecife - PE, BrazilSão José dos Campos, BrazilSão Paulo/BrasilPindamonhangaba, São Paulo, BrazilSão Leopoldo, BrazilRecife, PE - BrazilParaná - BrazilSao Paulo, SP - BrazilBrasília, DF, BrasilRio de Janeiro - RJ - BrazilSão Paulo BrasilCampinas - SP, BrazilBelém, BrazilBrasil, Campinas - SPGoiânia, Goiás, BrazilBelo Horizonte - BrasilBlumenau, SC, BrazilManaus, BrazilGoiânia, Goiás, BrasilNiterói, Rio de Janeiro, BrasilRio de Janeiro, RJ - BrasilSão Carlos, BrazilBrasília, DF, BrazilUberlândia, MG, BrasilVitória, ES - BrasilFortaleza(CE) - BrasilRio de Janeiro - RJ - BrasilBrasilia - BrazilParaná - BrasilBrasilia - DFBelo Horizonte - MG - BrasilMaceió, BrazilPalmas, Tocantins, BrasilCampinas, SP - BrasilBrazil, Rio de Janeiro ブラジルCampina Grande, BrazilSanta Maria, RS, BrazilCuritiba, Paraná, BrazilRecife - BrazilPorto Alegre/RS - BrasilBRASILSinop MT, BrazilSantos, BrazilJoinville - SC - BrazilBrazil, SPPelotas, BrazilBrazil - RS - Estância VelhaFlorianópolis, SC - BrasilBrasília - BrasilSão Carlos, São Paulo, BrazilCeará, BrazilJoão Pessoa, PB - BrazilRio de Janeiro / RJ / BrasilbrasilNovo Hamburgo, BrazilJoão Pessoa, Paraíba - BrasilSão Paulo, São Paulo, BrazilSalvador - BA - BrasilJoinville, SC, BrazilSão José dos Campos - SP, BrazilGoiânia - Goiás - BrasilSao Paulo/BrazilBrasilia, DFJoinville, Santa Catarina, BrasilSão Paulo, SP — BrazilFlorianópolis - BrasilBrasil, Rio de JaneiroAracaju - BrazilSP - BrasilMaringá, Paraná, BrasilIjuí, BrasilRecife-PE, BrasilFlorianópolis/SC - BrasilSalvador - Bahia - BrazilBelo Horizonte, MG - BrasilBrasilia DFPorto Alegre - RS, BrazilSão Carlos - SP, BrazilCuritiba, PR - BrasilAraraquara, SP - Brazil",77557.0,7616.0,26522.0,8936.19661712113,0,0.0,0.0,0.2603294625978936,0.28714700448667196,110359.0,3.178512327746256,0.0,2
CAN,2015,"CanadaToronto, ON, CanadaToronto, CanadaVancouver, BC, CanadaMontreal, CanadaVancouver, CanadaMontreal, QC, CanadaOttawa, ON, CanadaOttawa, CanadaCalgary, AB, CanadaCalgary, CanadaVictoria, BC, CanadaWaterloo, CanadaOntario, CanadaWaterloo, ON, CanadaHalifax, NS, CanadaBritish Columbia, CanadaEdmonton, CanadaEdmonton, AB, CanadaMontréal, QC, CanadaMississauga, ON, CanadaToronto, Ontario, CanadaKingston, ON, CanadaWinnipeg, CanadaEast CanadaHalifax, CanadaWinnipeg, MB, CanadaQuebec, CanadaKitchener, ON, CanadaMississauga, CanadaHamilton, ON, CanadaKelowna, CanadaVictoria, CanadaBrampton, ON, CanadaLondon, ON, CanadaAlberta, CanadaQuébec City, QC, CanadaQuébec, QC, CanadaQuébec, CanadaWindsor, ON, CanadaLondon, CanadaKelowna, BC, CanadaQuebec City, CanadaKitchener, CanadaBurlington, ON, CanadaFredericton, NB, CanadaOttawa, Ontario CanadaSaskatoon, SK, CanadaMarkham, ON, CanadaNova Scotia, CanadaHamilton, CanadaCambridge, ON, CanadaBrampton, CanadaSurrey, BC, CanadaOntario CanadaBarrie, CanadaSaskatoon, CanadaQuebec, QC, CanadaOakville, ON, CanadaRiverview NB, CanadaBC, CanadaWoodstock, ON, CanadaSherbrooke, CanadaHalifax, Nova Scotia, CanadaLondon, Ontario, CanadaIn the deep dark woods of northern CanadaCourtenay, BC, CanadaKamloops, BC, CanadaLavaltrie, QC, CanadaSept-Îles, CanadaSarnia, CanadaNorth Vancouver, CanadaFredericton, CanadaNowhere Island, Rainy River, Unorganized, ON, CanadaON, CANADAKamloops, British Columbia, CanadaNanaimo, BC, CanadaBurnaby, CanadaWest cost, BC CanadaGuelph, CanadaSudbury, ON, CanadaSt. Catharines, ON, CanadaVaudreuil-Dorion, CanadaMontreal, Quebec, CanadaWest Kelowna, BC, CanadaGatineau, CanadaON, CanadaOttawa, Ontario, CanadaBrossard, CanadaWindsor, CanadaSherbrooke, QC, CanadaTrois-Rivières, Canada",2208,8278,77752,0.646,"CanadaToronto, CanadaVancouver, CanadaMontreal, CanadaVancouver, BC, CanadaToronto, Ontario, CanadaOntario, CanadaOttawa, CanadaToronto, ON, CanadaMontréal, CanadaOttawa, Ontario, CanadaMontreal, QC, CanadaWaterloo, CanadaMontreal, Quebec, CanadaQuébec, CanadaVictoria, BC, CanadaFredericton, New Brunswick, CanadaQuebec, CanadaWaterloo, Ontario, CanadaMontréal, Québec, CanadaCalgary, Alberta, CanadaOttawa, ON, CanadaCalgary, CanadaErrington, BC, CanadaEdmonton, CanadaEdmonton, Alberta, CanadaWaterloo, ON, CanadaBritish Columbia, CanadaAlberta, CanadaHalifax, Nova Scotia, CanadaVancouver, British Columbia, CanadaEdmonton, AB, CanadaBC, CanadaCalgary, AB, CanadaNova Scotia, CanadaVancouver, BC CanadaWinnipeg, CanadaHalifax, NS, CanadaKitchener, Ontario, CanadaMontréal, QC, CanadaToronto CanadaLondon, Ontario, CanadaSurrey, BC, CanadacanadaVictoria, British Columbia, CanadaVancouver BC, CanadaHalifax, CanadaKingston, Ontario, CanadaON, CanadaVictoria, CanadaBurnaby, BC, CanadaOntario CanadaHamilton, Ontario, CanadaVancouver BC CanadaVancouver CanadaToronto,CanadaSaskatoon, CanadaWinnipeg, MB, CanadaCanada, OntarioToronto ON, CanadaToronto, ON CanadaQuebec City, CanadaLondon, ON, CanadaBarrie, Ontario, CanadaMontreal, Qc, CanadaMississauga, CanadaRegina, SK, CanadaMontreal CanadaSaskatoon, SK, CanadaWinnipeg, MB  CanadaWinnipeg, Manitoba, CanadaNew Brunswick, CanadaKitchener, ON, CanadaOttawa CanadaMississauga, ON, CanadaKelowna, BC, CanadaVancouver Island, CanadaMontreal,CanadaPEI, CanadaLondon, CanadaEdmonton, AB CanadaQuébec, QC, CanadaNewfoundland, CanadaCalgary, Alberta CanadaQC, CanadaGuelph, Ontario, CanadaSt. John's, NL, CanadaOttawa, ON CanadaKitchener, CanadaHamilton, CanadaNanaimo, BC, CanadaToronto - CanadaSherbrooke, QC, CanadaOakville, Ontario, CanadaGatineau, Quebec, CanadaCANADAThunder Bay, CanadaQuebec City, QC, CanadaMontreal, Québec, CanadaVancouver, BC - CanadaToronto, Canada.Sarnia, ON, CanadaCharlottetown, PEI, CanadaSherbrooke, Quebec, CanadaSherbrooke, Québec, CanadaCanada, TorontoThunder Bay, Ontario, CanadaDunstaffnage, PEI, CanadaSaskatchewan, CanadaRichmond, BC, Canada",79447.0,10883.0,25493.0,43594.1941045394,0,0.0,0.0,0.26669887667592707,0.426884757197772,157199.0,4.149459165739253,0.0,2
CHE,2015,"SwitzerlandZurich, SwitzerlandZürich, SwitzerlandGeneva, SwitzerlandBern, SwitzerlandBasel, SwitzerlandZug, SwitzerlandBerne, SwitzerlandLugano, SwitzerlandFribourg, SwitzerlandWinterthur, SwitzerlandObwalden, SwitzerlandEchallens, SwitzerlandLucerne, SwitzerlandLuzern, SwitzerlandSt. Gallen, Switzerland",749,1514,21231,2.336,"SwitzerlandZurich, SwitzerlandZürich, SwitzerlandGeneva, SwitzerlandBern, SwitzerlandBasel, SwitzerlandWinterthur, SwitzerlandLucerne, SwitzerlandZug, SwitzerlandBerne, SwitzerlandSt. Gallen, SwitzerlandswitzerlandLugano, SwitzerlandFribourg, SwitzerlandLuzern, SwitzerlandGeneva SwitzerlandRapperswil, SwitzerlandNeuchatel, SwitzerlandZurich SwitzerlandYverdon-les-bains, SwitzerlandMartigny, SwitzerlandZuerich, Switzerlandswitzerland, cape town",22749.0,4021.0,6924.0,83806.4476003837,0,0.0,0.0,0.49438943894389437,0.5806498194945848,43980.0,5.746898104336523,0.0,0
CHN,2015,"ChinaBeijing, ChinaShanghai, ChinaHangzhou, ChinaChengdu, ChinaShenzhen, ChinaGuangzhou, ChinaShenzhen, Guangdong, ChinaBeijing,ChinaNanjing, ChinaHangzhou, Zhejiang, ChinaWuhan, ChinaShenzhen, Guangdong Province, ChinaChengdu, Sichuan, ChinachinaChina,Shanghai.Banana Republic, Haishu, Ningbo, Zhejiang, ChinaXi'an, ChinaShanghai,ChinaSH,ChinaChangsha, Hunan, ChinaSuzhou, ChinaBeijing ChinaShanghai, Shanghai, ChinaHefei, Anhui, ChinaChongqing, 重庆市 ChinaNanjing, Jiangsu, ChinaShanghai ChinaGreat China Hong KongHefei, Anhui, China (中国 安徽省 合肥市)Xi'an, Shaanxi, China",1024,1609,20317,1.107,"ChinaBeijing, ChinaShanghai, ChinachinaBeijing,ChinaBeijing ChinaShenzhen, ChinaHangzhou, ChinaGuangzhou, ChinaShanghai,ChinaShanghai ChinaChengdu, ChinaShenzhen,ChinaHangzhou ChinaShenZhen, ChinaChina BeijingNanjing, ChinaHangzhou,Chinazhejiang,chinaWuhan, ChinaGuangzhou,ChinaHangzhou, Zhejiang, ChinaShangHai, ChinaShenzhen ChinaHangZhou, ChinaBeijing.Chinashanghai, chinaXiamen, Chinabeijing chinaBeiJing, ChinaBeiJing Chinachina beijingShangHai ChinaCHINAChengdu, Sichuan, ChinaShenZhen,ChinaShenZhen ChinaXi'an, Chinabeijing,chinaSuzhou, ChinaBeiJing,ChinaShangHai,ChinaTianjin, ChinaShenzhen, Guangdong, ChinaShenzhen.ChinaGuangzhou ChinaHangZhou,ChinaHangZhou ChinaXi'an ChinaDaLian, LiaoNing, ChinaChengdu,ChinaGuangdong, ChinaChina Yunnan KunmingGuangZhou ChinaShanghai.ChinaWuhan ChinaNanjing,ChinaGuangZhou, ChinaGuangzhou, Guangdong, Chinashanghai,chinaGuangZhou,ChinaShenzhen Guangdong ChinaNanjing ChinaChina,Beijingshenzhen,chinaChina BeiJingshanghai chinaChengdu Chinashenzhen chinaWuhan,Chinabeijing, chinaChina ShanghaiWuhan, Hubei, ChinaNanjing, Jiangsu, ChinaChongqing, ChinaCanton, ChinaChina, BeijingXiamen, Fujian, ChinaBeijing，ChinaNanjing,Jiangsu,ChinaLanzhou, Chinahangzhou,chinaSuzhou ChinaDalian, ChinaChina Shenzhenbeijing,ChinaChina, ShanghaiChina ShangHaichina shanghaiJincheng.ChinaChina HangZhouChina.BeijingWuxi, ChinaNanJing ChinaBeijing , Chinabeijing.chinaHangzhou Zhejiang ChinaChina ChengduZhuhai, Chinachengdu chinaChina HangzhouHefei, Chinashenzhen, ChinaChina,ShanghaiChongqing,Chinachina hangzhouChina ShenZhenchina chengduChina GuangZhouShangHai.ChinaSuzhou,ChinaBeijing, China.Xi'an,ChinaShenzhen-ChinaHangzhou.ChinaHangZhou.ChinaXiamen,Chinashanghai ChinaHefei, Anhui, ChinaPeking, ChinaChangsha, ChinaNanJing, ChinaDalian,ChinaFuzhou, ChinaHang Zhou, ChinaChongQing,ChinaShanghai , ChinaGuangzhou,Guangdong,ChinaBeijing, CHINAChongQing, Chinashenzhen, chinaJiangsu,ChinaShenzhen,Guangdong,ChinaShenyang, ChinaQingdao, Shandong, ChinaShenZhen.Chinachina,beijingNanJing,ChinaChina,BeiJingChina, HangzhouShanghai-Chinashenzhen,ChinaBeijing. ChinaChengDu, Chinachengdu,chinashanghai,ChinaChina beijingXiamen ChinaWuHan.Chinahangzhou chinaHarbin, ChinaHong Kong SAR Chinachina.beijingChengDu,ChinaTecoffee, Changzhou, Jiangsu, R.R. Chinabeijing, ChinaChengDu ChinaChina GuangzhouQingdao ChinaShen Zhen, ChinaMount Wuyi of Nanping City, Fujian Province, Chinahangzhou, chinaTianjin ChinaHeFei,ChinaJiangsu, ChinaDalian Chinashanghai, Chinajinan,chinaQingdao, Chinabeijing ChinaChina ChengDuChina.BeiJingChengDu.ChinaChina,HangzhouJinan, ChinaGuangZhou,GuangDong,ChinaWuhan Hubei ChinaTHU,beijing,chinahangzhou,ChinaXi'an, Shaanxi, ChinaSuZhou,ChinaChengdu Sichuan .ChinaShan Tou, Guang Dong, Chinaguangzhou chinaChengdu,Sichuan,Chinabeijing ,chinahangzhou ChinaBeijing China.P.R. ChinaShang Hai, ChinaShenzhen，Chinasuzhou.chinaShanghai, China.WuHan Chinashanghai.chinaSuZhou ChinaNanjing，ChinaChina HuNan ChangShachina,shanghaiWuHan,ChinaGuang Zhou, ChinaSH, ChinaShanghai. ChinaBeiJing.ChinaShenzhen. ChinaBeijing ,ChinaNingbo, ChinaShenZhen,GuangDong,ChinaBeijing,chinaHangzhou,Zhejiang,ChinaWuhu/Tianjin,China→NYCShenZhen, GuangDong, ChinaShenZhen，ChinaShenzhen GuangDong ChinaShanghai, CHINAZhejiang,ChinaWuhan,Hubei,ChinaBeijing in Chinahangzhou, ChinaFuzhou, Fujian, ChinaGuangdong ChinaJinan,ChinaBeijing, chinaWuHan, ChinaBeijing-ChinaChina, ShenzhenChangSha,Chinashenzhen ChinaTianjin,Chinabeijing of chinaShanghai，Chinachina shenzhen（怀化）ChinaCanton ChinaBeijing, P.R.ChinaChina NanjingXiaMen, ChinaJiangMen,GuangDong,ChinaSH,Chinachina.shanghaiXuhui, Shanghai, ChinaBeijng, ChinaBeiJing , ChinaChina.Suzhou, Jiangsu, ChinaAustralia Brazil China Ecuador Germany India  Singapore South Africa US UKSuZhou, ChinaGuangzhou.Chinaxi'an, ChinaBeijing of ChinaXiAn,ChinaCHINA zhejiang province Hangzhou cityHangzhou,Mainland ChinaChina,ChengDuShangHai  Chinahangzhou.chinaChina Suzhoushenzhen  China PRCXian, Chinabeijing ,  ChinaBeijing chinaHong Kong, ChinaPeople's Republic of ChinaHangZhou,ZheJiang,ChinaZhengzhou, ChinaChangsha, Hunan, ChinaGuangzhou,China.China Jiangsuningbo,chinaP.R.ChinaShanghai, China 上海Harbin,ChinaHaidian,BeiJing,ChinaShanghai, P.R.Chinashenzhen.chinaFuzhou,Fujian,Chinaguangzhou,chinaShenzhen & Hong Kong, ChinaGuangZhou, GuangDong, ChinaGuangZhou.ChinaChengdu $ ChinaChongqing ChinaHángzhōu, Chinananjing,chinaChina,GuangzhouXiaMen Chinachina henanGuangdong Province, ChinaZhejiang, Chinaxi'an chinaXiamen,Fujian,ChinaQingdao,ChinaHangzhou China.ChengDu,Sichuan,chinaZhuhai, Guangdong, ChinaShanghai/ChinaPudong, Shanghai, ChinaChina Hangzhou, Zhejiang ProvinceChina.ShangHaichina  chengduChina,ShenZhenGuangzhou Guangdong ChinaHangzhou in ChinaHuizhou/Guangdong/ChinaFuzhou.ChinaChina,Shenzhendalian,chinaNanning, Guangxi, ChinaChina GuangDongShanghai, Shanghai, ChinaGuangDong Zhuhai ChinaBeijing  ChinaHaidian,Beijing,ChinaChina GZZhongShan, Chinachina guangzhouChina Xi'anChongQing ChinaChina.WuhanGuangDong,ChinaChina-BeijingChina Guangdong ShenzhenShanghai of Chinananshan dis,shenzhen,guangdong, chinaChangsha ,ChinaNanjing Jiangsu ChinaBeijing, Beijing, Chinaguangdong,chinaKunming, ChinaChina TianjinXiaMen,ChinaShen Zhen ChinaHangzhou  ChinaSH ChinaChengdu.ChinaDongguan, ChinaShunde,Guangdong,ChinaChina XiamenCHINA BEIJINGjinan chinaHangZhou, ZheJiang, Chinachengdu.chinaguangzhou.chinaChongQing;ChinaChina WuhanAnhui, ChinaTianJin, ChinaChina.HangzhouHeFei, ChinaHangzhou, Zhejiang Province, ChinaShangHai.China.China/BeijingChaoyang, Beijing, ChinaHangzhou, China.China.ChengduSichuan, ChinaChina.GuangZhouChangsha,Hunan,ChinaGuiYang, ChinaXi'An ChinaChina, ShangHaiNanjing, Jiangsu Sheng, Chinawuhan chinaChengdu Sichuan ChinaChenzhou, Hunan, ChinaBEIJING, Chinachina  beijingHefei,ChinaChengDu,SiChuan,ChinaBeiijing, ChinaChengdu, China.beijingchinaHIT Campus of University Town of Shenzhen, Shenzhen, Chinaguangdong,ChinaNanjing.Chinachina nanjingBeijing/CHINAHangzhou，ChinaCQ,ChinaWangjing, Beijing, ChinaChina ,Zhejiang, HangzhouJinan,Shandong,ChinaChina,beijingchengdu sichuan chinaChina,Nanjingshenzhen  chinaSHENZHEN,CHINAShenzheng, Guangdong, ChinaChina,wuhansuzhou,chinaChina，BeijingNo. 18 Wenchang Avenue, Economic-Technological Development Area, Beijing, 100176, People's Republic of ChinaChina.GZShenzhen City, Guangdong Province, ChinaCanton,ChinaWalled ChinaJiangSu,ChinaChina,ShangHaiHaidian, Beijing, ChinaCanada, Kazakstan, and ChinaChina, HangZhoushanghai.ChinaPeking,ChinaWuhan.China",222550.0,33770.0,60022.0,8175.33285077393,0,0.0,0.0,0.6360248447204969,0.5626176632290956,242867.0,7.431747382654689,0.0,0
COL,2015,"ColombiaBogota, ColombiaBogotá, ColombiaMedellin, ColombiaMedellin, Antioquia, ColombiaMedellín - Antioquia, ColombiaCali, ColombiaBarranquilla, ColombiaArmenia - Quindío - ColombiaBogotá - Bogota, ColombiaDuitama, Boyacá, ColombiaArmenia, ColombiaBogotá, Bogota, ColombiaMedellín, Medellin, Antioquia, ColombiaMedellín, Antioquia, ColombiaMedellín, ColombiaBarranquilla, Atlántico, ColombiaColombia, South America",157,627,5684,0.113,"ColombiaBogotá, ColombiaMedellín, ColombiaBogota, ColombiaMedellin, ColombiaCali, ColombiaBarranquilla, ColombiaBogotá - ColombiacolombiaMedellín - ColombiaBogotá ColombiaMedellin - ColombiaCali - ColombiaBarranquilla - ColombiaCartagena, ColombiaBogota - ColombiaBucaramanga, ColombiaMedellín-ColombiaManizales, ColombiaPopayan, ColombiaPereira, ColombiaCOLOMBIAMedellin-ColombiaEnvigado, ColombiaBogotá, Colombia.Cartagena, Colombia.Manizales - ColombiaPalmira, ColombiaBogotá D.C., ColombiaBogota ColombiaMedellín, Antioquia, Colombia",13522.0,1091.0,5051.0,6248.51490534512,0,0.0,0.0,0.25,0.21595407759303245,19206.0,2.297859540412314,0.0,1
DEU,2015,"GermanyBerlin, GermanyMunich, GermanyHamburg, GermanyCologne, GermanyFrankfurt, GermanyStuttgart, GermanyAachen, GermanyKarlsruhe, GermanyDresden, GermanyLeipzig, GermanyDüsseldorf, GermanyBremen, GermanyHeidelberg, GermanyMannheim, GermanyMünchen, GermanyDarmstadt, GermanyDortmund, GermanyAugsburg, GermanyChemnitz, GermanyNuremberg, GermanyBonn, GermanyFrankfurt am Main, GermanyBochum, GermanyHanover, GermanyFreiburg im Breisgau, GermanyUlm, GermanyKoblenz, GermanyKiel, GermanyEssen, GermanyKaiserslautern, GermanyPaderborn, GermanyFreiburg, GermanyPassau, GermanyErlangen, GermanyKassel, GermanyBavaria, GermanyWiesbaden, GermanyDusseldorf, GermanyPotsdam, GermanyDuesseldorf, GermanyBerlin GERMANYBielefeld, GermanyJena, GermanyTübingen, GermanyHannover, GermanyKonstanz, GermanyEurope, GermanyCoburg, GermanyBötzingen, GermanyMainz, GermanyRiegel am Kaiserstuhl, GermanyLower Rhine Region, GermanyLudwigshafen, GermanyBad Sachsa, GermanyÜberlingen, GermanyKöln, GermanyKrefeld, GermanySaarbrücken, GermanyHildesheim, GermanyMünster, GermanyGöttingen, GermanyGronau, GermanyRostock, GermanyWolfsburg, GermanySiegen, GermanyMagdeburg, GermanyTrier, GermanyGöppingen, GermanyIngolstadt, GermanygermanyLower Saxony, GermanyBerlin / GermanyFlensburg, GermanyNürnberg, GermanyStarnberg, GermanyFrankurt, GermanyHessen, GermanyMarburg, GermanyRosenheim, GermanyBraunschweig, GermanyGoch, GermanyWurzburg, GermanyRegensburg, GermanyCanada / GermanyNorth Rhine-Westphalia, GermanyMuenster, GermanyDüren, GermanyWiehl, GermanyLübeck, GermanyOffenau, GermanyPforzheim, GermanyOldenburg, GermanyLangenfeld, GermanyPfaffenhofen a.d.Ilm, GermanyNeuss, GermanyLondon (UK) / Berlin (Germany)Weimar, GermanyNeumarkt in der Oberpfalz, GermanyWuerzburg, GermanyFreilassing, GermanyWalldorf, GermanyMunich, Bavaria, GermanyFulda, GermanyRatisbon, GermanyWuppertal, Germany",2984,9648,108844,2.243,"GermanyBerlin, GermanyMunich, GermanyHamburg, GermanyCologne, GermanyKarlsruhe, GermanyStuttgart, GermanyDresden, GermanyAachen, GermanyLeipzig, GermanyBonn, GermanyFrankfurt, GermanyDüsseldorf, GermanyBremen, GermanyHeidelberg, GermanyDarmstadt, GermanyHannover, GermanyNuremberg, GermanyPotsdam, GermanyFreiburg, GermanyDortmund, GermanyMannheim, GermanyMünster, GermanyFrankfurt am Main, GermanyGermany, BerlinAugsburg, GermanyBochum, GermanyErlangen, GermanygermanyKiel, GermanyEssen, GermanyMainz, GermanyMunich, Bavaria, GermanyUlm, GermanyPaderborn, GermanyBraunschweig, GermanyGermany, MunichGöttingen, GermanyNürnberg, GermanyTübingen, GermanyBerlin / GermanyOsnabrück, GermanyBielefeld, GermanyBavaria, GermanyWürzburg, GermanyKaiserslautern, GermanyMünchen, GermanyOldenburg, GermanyRegensburg, GermanyKassel, GermanyJena, GermanySaarbrücken, GermanyBerlin/GermanyLübeck, GermanyGermany, HamburgNRW, GermanyBerlin - GermanyHanover, GermanyKoblenz, GermanyMagdeburg, GermanyGermany && CipherspaceDuisburg, GermanyChemnitz, GermanyWiesbaden, GermanyBerlin GermanyKonstanz, GermanyRostock, GermanyBamberg, GermanyHamburg / GermanyHalle, GermanyGermany, NRWFürth, GermanyBerlin, Germany & Barcelona, SpainWalldorf, GermanyHamburg GermanyWeimar, GermanyWuppertal, GermanySaarland / GermanyHamburg/GermanyMunich/GermanyFlensburg, GermanyTrier, GermanyHesse, GermanyPassau, GermanyDuesseldorf, GermanyKöln, GermanyMarburg, GermanyMönchengladbach, GermanyLandsberg a. Lech, GermanyMunich - GermanyGermany, CologneFellbach, GermanyBremerhaven, GermanyMunich / GermanyBerlin/Brandenburg, GermanyGermany, StuttgartRecklinghausen, GermanyGERMANYMunich, GERMANYConstance, GermanyPerú + GermanyNeuss, GermanyErfurt, GermanyNuremberg / GermanySolingen, GermanyCologne Area, GermanyHamburg - GermanyKarlsruhe / GermanyAachen (Germany)Germany, BargteheideGermany/New ZealandTuebingen, GermanySaxony/GermanyBerlin (Germany)Munich GermanyIlmenau, GermanyGermany/BerlinSiegen, GermanyGermany / HamburgBaden-Württemberg, GermanyLudwigsburg, GermanyMuenster, Germanyberlin, germanyCologne/GermanySouth GermanyHeilbronn, GermanyHalle (Saale), GermanyReutlingen, GermanyKaufbeuren, GermanyGermany, LeipzigFreiburg (Germany)Houston, TX & GermanyGermany, KielBerlin, Magdeburg | GermanyRavensburg, GermanyAugsburg / GermanyGermany, KarlsruheAthens, Greece / Berlin, GermanyBerlin,GermanyLüneburg, GermanyFreising, GermanyFriedrichshafen, GermanyMunich (Germany)Saarland, GermanyJülich, GermanyGermany, NiedersachsenDusseldorf, GermanyIsenbüttel, GermanyFinland, California, Germany, ...Lake Constance, Germany",126501.0,19086.0,38930.0,41911.0109851054,0,0.0,0.0,0.3092548450616644,0.49025198427987976,235345.0,4.944474852696874,0.0,0
EGY,2015,"EgyptCairo, EgyptCairo, Cairo Governorate, EgyptAlexandria, EgyptCairo Governorate, EgyptKafr Saqr, EgyptMansoura, EgyptCairo - EgyptAlexandria, Alexandria Governorate, EgyptGiza Governorate, Egypt",71,1335,8307,-0.203,"EgyptCairo, EgyptAlexandria, EgyptegyptEGYPTCairo - EgyptEgypt, CairoCairo, Egypt.Cairo,Egypt",5439.0,565.0,1445.0,3306.98159414141,0,0.0,0.0,0.0531437125748503,0.39073305670816044,13746.0,2.114756742618789,0.0,1
ESP,2015,"SpainBarcelona, SpainMadrid, SpainValencia, SpainZaragoza, SpainSeville, SpainMálaga, SpainBonansa, SpainMalaga, SpainAlicante, SpainMurcia, SpainBilbao, SpainGranada, SpainGijon, SpainVigo, SpainGuadalajara, SpainValladolid, SpainPego, SpainSabadell, SpainBarcelona, Barcelona, Spaingranada spainA Coruña, SpainPalma de Mallorca, SpainGirona, SpainBadajoz, SpainCabana, SpainMadrid (Spain)Salamanca, SpainLas Palmas, SpainBarcelona, Catalonia, SpainOviedo, Asturias - SpainCastello de la Plana, Spain",591,3359,26260,0.745,"SpainMadrid, SpainBarcelona, SpainValencia, SpainGranada, SpainMadrid (Spain)Seville, SpainZaragoza, SpainMadrid - SpainMálaga, SpainSevilla, SpainAlicante, SpainMurcia, SpainValladolid, SpainMalaga, SpainTarragona, SpainBilbao, SpainVigo, SpainBarcelona (Spain)Córdoba, SpainGranada (Spain)A Coruña, SpainValencia (Spain)Barcelona, Catalonia, SpainAlmería, SpainSeville, spainTenerife, SpainGijón, SpainGranada, Andalucía, SpainCádiz, SpainGirona, SpainEspaña (Spain)spainLeón, SpainValencia - SpainGranada, Spain, EuropePalma de Mallorca, SpainMálaga (Spain)Las Palmas de Gran Canaria, SpainSpain, Granada, Jaén, AndalucíaMarbella, SpainSpain, MadridSantiago de Compostela, SpainSalamanca, SpainBadalona, Barcelona, SpainSpain (Madrid)Madrid, Spain.Canary Islands, SpainBarcelona, Spain.Pamplona, SpainMadrid SpainVigo, Galicia, SpainOviedo, SpainSevilla (Spain)Asturias, SpainGalicia, SpainSantander, SpainMadrid, SPAINAlcorcón, Madrid, SpainZaragoza (Spain)SPAINValencia, Spain, EUVitoria, SpainOurense, SpainCanary Islands, Tenerife, SpainPalma - SpainAlicante (Spain)Toledo, Spain",33345.0,4620.0,10401.0,25982.4416197775,0,0.0,0.0,0.17589285714285716,0.44414535666218036,59605.0,3.408818661096228,0.0,2
FRA,2015,"FranceParis, FranceLyon, FranceToulouse, FranceNantes, FranceBordeaux, FranceMontpellier, FranceGrenoble, FranceLille, FranceRennes, FranceStrasbourg, FranceNice, FranceMarseille, FranceLaboratoire d'Annecy de Physique des Particules, FrancePau, FrancePerpignan, FranceNimes, FranceBayonne, FrancefranceNancy, FrancePleyber-Christ, FranceMetz, FranceFrance, ParisAnnecy, FranceRoanne, FranceClermont-Ferrand, FranceAix-en-Provence, FranceDijon, FranceMtp, FranceYvelines, FranceAngers, FranceÉvian-les-Bains, FranceLe Havre, FranceRezé, FranceLyon (France)Belfort, FranceBrest, FranceAjaccio, FranceLimoges, FranceCaen, FranceFrance!France, AngersAntibes, FranceToulon, FranceÉvreux, FrancePoitiers, FranceAurillac, FranceSophia Antipolis, FranceReims, FranceSaint-Étienne, FranceParis - FranceColombes, FrancePloërmel, FranceAnnemasse, FrancePenmarch, FrancePérigueux, FranceLille, Nord, FranceCannes, FranceÎle-de-France, FranceAngoulême, FranceVilleurbanne, FranceTours, FranceSomewhere between France and Switzerland!",1864,6181,61118,1.464,"FranceParis, France8, square Jean-Paul Sartre, 91000 Évry, Ile-De-France, FranceLyon, FranceNantes, FranceToulouse, FranceLille, FranceBordeaux, FranceRennes, FranceGrenoble, FranceMontpellier, FranceStrasbourg, FranceMarseille, FranceNice, FranceFRANCEParis - FrancefranceNancy, FranceFrance, ParisParis, FRANCEBrest, FranceParis FranceAnnecy, FranceTours, FranceParis (France)Angers, FranceChambéry, FranceMetz, FranceLyon - FranceClermont-Ferrand, FranceOrléans, FranceCaen, FranceAix-en-Provence, FranceMontpellier - FranceAmiens, FranceParis,FranceLyon (France)France - ParisTroyes, FranceFrance, LyonDijon, FranceAntibes, FranceRouen, FranceAlsace, FranceOrsay, FranceToulouse (France)Paris Area, FrancePau, FranceParis / FranceLimoges, FranceBrittany, FranceBrazil/FranceValence, FranceBesançon, FranceToulouse - FranceSophia Antipolis, FranceFrance, ToulouseParis, France.Villeurbanne, FranceVersailles, FranceFrance, NantesNantes (France)Paris, franceLille - FrancePoitiers, FranceLyon, FRANCELa Rochelle, FranceSomewhere in Poitou Charente, FranceFrance, ChampagneMeilhan, Landes, FranceNantes - FrancePau (France)Le Mans, FranceFrance, marseilleGrenoble - FranceThionville, FranceLe Creusot - FranceSaint-Étienne, FrancePoissy, FranceReims, FranceParis area, FranceParis (France), Chiang Mai (Thailand)Rennes - FranceMontpellier (France)Bordeaux - FranceRoubaix, FranceNiort, FranceFrance, RodezToulon, FranceLevallois-Perret, FranceMarseille (France)Rennes, Nantes, FranceLes Sables d'Olonne, Pays-de-la-Loire, FranceOrange, FrancePradines, FranceSeine et Marne, France",102839.0,12130.0,29591.0,36702.4323733379,0,0.0,0.0,0.30152054351342605,0.4099080832657475,163957.0,4.271191801643527,0.0,2
GBR,2015,"London, United KingdomUnited KingdomLondon, UKUKUkraineKyiv, UkraineManchester, United KingdomBristol, United KingdomEngland, United KingdomCambridge, United KingdomManchester, UKEdinburgh, United KingdomOxford, United KingdomGlasgow, United KingdomKiev, UkraineLeeds, United KingdomBirmingham, United KingdomCambridge, UKNottingham, United KingdomBrighton, United KingdomNewcastle upon Tyne, United KingdomKharkiv, UkraineBristol, UKSheffield, United KingdomReading, United KingdomBelfast, United KingdomLeeds, UKCardiff, United KingdomLiverpool, United KingdomL'viv, UkraineEngland, UKMilwaukee, WILviv, Lviv Oblast, UkraineBirmingham, UKHuddersfield, United KingdomSouthampton, United KingdomGlasgow, UKScotland, United KingdomEdinburgh, UKKyiv city, UkraineEssex, United KingdomBournemouth, United KingdomBrighton, UKAberdeen, United KingdomYork, United KingdomLviv, UkraineOxford, UKChester, United KingdomPortsmouth, United KingdomSurrey, United KingdomCheltenham, United KingdomNorwich, United KingdomKent, United KingdomLeicester, United KingdomBath, United KingdomKiev, Kyiv city, UkrainePlymouth, United KingdomCoventry, United KingdomLondon, England, United KingdomScotland, UKExeter, United KingdomDoncaster, United KingdomNorwich, UKBridport, United KingdomWales, UKOdessa, UkraineHull, United KingdomDevon, United KingdomUkraine, PoltavaSmethwick, United KingdomNewcastle, UKWarrington, United KingdomWales, United KingdomWiltshire, United KingdomLiverpool, UKLondon UKBelfast, UKLondon, UkCheshire, United KingdomReading, UKukSurrey, UKHertfordshire, United KingdomKendal, United KingdomPreston, United KingdomItaly / United KingdomNewcastle upon Tyne, UKDnipro, UkraineNottingham, UKLincoln, United KingdomCornwall, UKLancashire, United KingdomStoke-on-Trent, UKUkraine, KievDerbyshire, United KingdomMilton Keynes, United KingdomCambridgeshire, United KingdomDerby, United KingdomWoking, United KingdomSheffield, UKMerseyside, United KingdomVinnytsya, UkraineDnipro, Dnipropetrovsk Oblast, UkraineJakarta, Daerah Khusus Ibukota Jakarta, IndonesiaDundee, United KingdomCanterbury, United KingdomBradford, United KingdomLimehouse, London, UKLeicester, UKLondon, England, UKSouthampton, UKGuildford, UKHampshire, United KingdomGuildford, United KingdomStockport, United KingdomBournemouth, UKBedford, UKLeicestershire, United KingdomChelmsford, UKSuffolk, UKPeterborough, UKHampshire, UKWest Midlands, United KingdomAberystwyth, United KingdomPontypridd, United KingdomOdesa, UkraineCardiff, UKSwindon, UKMacclesfield, United KingdomNorthampton, United KingdomIpswich, United KingdomGods own Country, England, UKStaffordshire, United KingdomUkWorthing, United KingdomStoke-on-Trent, United KingdomSunderland, United KingdomLeamington, United KingdomDurham, UKIpswich, UKLoughborough, United KingdomCrowborough, United KingdomDerby, England, United KingdomYorkshire, UKMilwaukeeMiddlesbrough, UKShrewsbury, United KingdomMaidenhead, United KingdomSalisbury, United KingdomBracknell, United KingdomGreat Malvern, United KingdomUnited Kingdom/South AfricaRamsgate, United KingdomHemel Hempstead Industrial Estate, London, United KingdomLondon, UK / Dubai UAEUkraine, KyivChatham, United KingdomPeterborough, United KingdomWalsall, UKStafford, United KingdomCardiff, Wales, United KingdomWarwickshire, United KingdomLewes, UKWolverhampton, United KingdomLancaster, United KingdomDurham, United KingdomHorsham, UKSomerset, United KingdomBuckinghamshire, United KingdomBukale, EUNezhin, UkraineBath, UKPenicuik, United KingdomYork, UKUkraine, LvivSwansea, United Kingdomlondon, UKSt Andrews, United KingdomUnited Kingdom, MerseysideMilton Keynes, UKCanterbury, UKWorcester, United KingdomPortsmouth, UKKrivoy Rog, UkraineKent, UKHemel Hempstead, United KingdomKingston upon Thames, United KingdomPlymouth, UKBedford, United KingdomFrome, United KingdomNewcastle, United KingdomHarrogate, United KingdomNorfolk, United KingdomColchester, United KingdomBucks, Oxford, UKStaffordshire, UKDenmark Hill, London, United KingdomYeovil, United KingdomSwindon, United KingdomTelford, United KingdomWarwick, United KingdomUkraine, OdessaWorcestershire, United KingdomBukhara, Bukhara Province, UzbekistanBradford, UKEastbourne, UKAnnesley, Kirkby in Ashfield, United KingdomOxfordshire, United KingdomGrantham, United KingdomRuncorn, United KingdomWorcester, UKWatford, United KingdomSuffolk, United KingdomBasingstoke, United KingdomWoking, UKTaman Bukit Kinrara Puchong Selangor MalaysiaMelton Mowbray, United KingdomEssex, UKWinchester, United KingdomOxfordshire, UKWakefield, United KingdomIvano-Frankivs'k, UkrainePoole, United KingdomDnipropetrovs'k, UkraineCoventry, UKMorecambe, United KingdomGosport, United KingdomStratford-upon-Avon, United KingdomUkraine, Kyivs'ka oblastTorquay, UKWest Sussex, United KingdomSedgefield, Stockton-on-Tees, UKGloucestershire, United KingdomGloucester, United KingdomNorthern Ireland, United KingdomBasingstoke, UKDarlington, United KingdomHaywards Heath, United KingdomShropshire, United KingdomStranraer, United KingdomWindsor, United KingdomDnepropetrovsk, UkraineHull, UKBanja Luka, Bosnia and HerzegovinaGlasgow City Centre, Glasgow, UKGoole, United KingdomFarnham, United KingdomNorthampton, UKKharkiv, Kharkiv Oblast, UkraineEdinburgh, Scotland, UKAscot, United KingdomAberdeen, UKHertfordshire, UKWeymouth, United KingdomExeter, UKThatcham, United KingdomLancaster, UKNailsea, United KingdomShrewsbury, UKCheshire, UKEpping, Essex, United KingdomDudley, UKDonetsk, UkraineHuddersfield, UKNewbury, United KingdomMaidstone, United KingdomConwy, United KingdomWrenbury, Cheshire, UKsihanoukville, cambodiaSolihull, United KingdomLuton, UKUkraine, DrohobychDundee, UK",4971,21660,178816,1.772,"London, UKUnited KingdomUKUkraineLondon, United KingdomKyiv, UkraineCambridge, UKKiev, UkraineManchester, UKBristol, UKUkraine, KievLviv, UkraineKharkiv, UkraineUkraine, KyivMilwaukee, WIOxford, UKBirmingham, UKBrighton, UKEdinburgh, UKLeeds, UKLondon,UKOdessa, UkraineLondon UKSheffield, UKSouthampton, UKReading, UKNottingham, UKUkraine, KharkivUkraine, LvivUkraine, OdessaYork, UKBath, UKNorwich, UKManchester, United KingdomGlasgow, UKBristol, United KingdomEdinburgh, United KingdomNewcastle, UKEngland, United KingdomLiverpool, UKCardiff, UKCambridge, United KingdomKharkov, UkraineUkraine, KharkovOxford, United KingdomLeeds, United KingdomUkraine, DniproDnipro, UkraineCoventry, UKLeicester, UKExeter, UKBournemouth, UKNewcastle upon Tyne, UKCornwall, UKKent, UKBirmingham, United KingdomEngland, UKLondon, UK.Portsmouth, UKBelfast, UKSheffield, United KingdomDerby, UKOxfordshire, UKChester, UKUkHampshire, UKUkraine, CherkassyMilwaukeeWales, UKLincoln, UKPlymouth, UKCherkasy, UkraineBrighton, United KingdomFukuokaManchester UKukGlasgow, United KingdomKiev Ukrainelondon, ukGuildford, UKWorcester, UKMilton Keynes, UKLancaster, UKBristol UKDevon, UKEdinburgh, Scotland, UKMilwaukee, WisconsinEssex, UKIvano-Frankivsk, UkraineBasingstoke, UKTernopil, UkraineEast Sussex, UKSurrey, UKDnipropetrovsk, UkraineTsukubaCherkassy, UkraineNewcastle Upon Tyne, UKSwansea, UKLiverpool, United KingdomLondon (UK)Suffolk, UKSouthampton, United KingdomUkraine, DnepropetrovskSomerset, UKIpswich, UKLondon - UKReading, United KingdomPhuket, ThailandUK, LondonL'viv, UkraineHertfordshire, UKOdesa, UkraineUkraine, DnipropetrovskCheltenham, UKUzhhorod, UkraineScotland, UKHuddersfield, UKCambridge UKukraineNottingham, United KingdomUkraine, CherkasyUkraine, DonetskDerbyshire, UKGloucestershire, UKWest Sussex, UKAberdeen, United KingdomYorkshire, UKKent, United KingdomUkraine, ChernivtsiWinchester, UKBrighton UKCanterbury, UKDnepropetrovsk, UkraineLondon, UkWest Midlands, UKBanja LukaWest Yorkshire, UKYork, United KingdomKiev,UkraineWales, United KingdomKiyv, UkraineUkraine, KhersonHatfield, UKUkraine, VinnitsaPeterborough, UKThe United KingdomStockport, UKSurrey, United KingdomNorthampton, UKUkraine, KiyvShoreditch, London, UKLeicester, United KingdomBath, United KingdomUkraine, VinnitsyaTelford, UK.Bradford, UKMidlands, UK200, Kumbukulawa, Polpithigama, Sri LankaCheshire, UKSouth Wales, UKDurham, UKLeamington Spa, UKBelfast, United KingdomOxford,UKNikolaev, UkraineSouth West, UKHythe, UKNorwich, United KingdomPoltava, UkraineNorthamptonshire, UKSumy, UkraineBerkshire, UKTorpoint, England, UKGlasgow, Scotland, UKSalford, UKUkraine, TernopilUkraine, DneprBoston, MA/Hilversum, NL/Paris, FR/London UKAberdeen, UKRivne, UkraineLondon/UKGloucester, UKDonetsk, UkraineCoventry, United KingdomHull, UKCardiff, United KingdomHampshire, United KingdomSwindon, UKUkraine KharkovCambridgeshire, UKUkraine, VinnytsiaUkraine, SumyWiltshire, UKStafford, UKUkraine, Ivano-FrankivskDundee, UKPortsmouth, United KingdomLeicestershire, UKCanterbury, Kent, UKUkrainWolverhampton, UKNewcastle upon Tyne, United KingdomLancashire, UKMaidenhead, UKRugby, UKOxfordshire, United KingdomPoole, UKUkraine, NikolaevUkraine, ZaporozhyeNewcastle, United KingdomKiev/UkraineSt Albans, UKChernihiv, UkraineWaukesha, WIWarrington, UKReigate Surrey UKDuke UniversityLondon, UK + RemoteThailand, PhuketUkraine, ZaporizhzhyaDerby, United KingdomPlymouth, United KingdomBournemouth University UKDarwen, UKSalisbury, UKUkraine, KirovohradMatlock, Derbyshire, UKTodmorden, UKHackney, London, UKIsle of Wight, UKWoking, UKWarwick, UKUkraine, PoltavaBedford, United Kingdom",176787.0,22806.0,60946.0,44983.885522934,0,0.0,0.0,0.22949078989889662,0.374193971811574,355603.0,3.8580204347981515,0.0,2
IDN,2015,"IndonesiaJakarta, IndonesiaBandung, IndonesiaBandung, Bandung City, West Java, IndonesiaRepublik IndonesiaUbud, Gianyar, Bali, IndonesiaYogyakarta, IndonesiaSurabaya, IndonesiaCilacap, IndonesiaBali, IndonesiaJakarta, Republik IndonesiaMedan, Medan City, North Sumatra, IndonesiaIndonesianJakarta, Special Capital Region of Jakarta, IndonesiaBandung, Republik IndonesiaDepok, IndonesiaBekasi, Republic of IndonesiaSerang, Serang City, Banten, Indonesia",174,1941,9633,-0.14,"IndonesiaJakarta, IndonesiaBandung, IndonesiaYogyakarta, IndonesiaindonesiaSurabaya, IndonesiaBali, IndonesiaBogor, IndonesiaMalang, IndonesiaSemarang, IndonesiaBandung, West Java, IndonesiaMedan, IndonesiaBekasi, IndonesiaJakarta IndonesiaTangerang, IndonesiaJakarta - IndonesiaINDONESIAindonesia#bandung#jawabaratDepok, IndonesiaMalang IndonesiaJakarta, IndonesianPalembang, IndonesiaDepok, Jawa Barat, IndonesiaMalang, Jawa Timur, IndonesiaGianyar, Bali, IndonesiaSidoarjo, IndonesiaIndonesianMataram, IndonesiaYogyakarta - IndonesiaIndonesia RayaBogor ,Indonesia",19359.0,1543.0,7912.0,3288.22269725538,0,0.0,0.0,0.08959835221421215,0.19499557689877417,28992.0,1.462074231779833,0.0,1
IND,2015,"IndiaBangalore, IndiaBangalore, Karnataka, IndiaChennai, IndiaPune, IndiaPune, Maharashtra, IndiaMumbai, IndiaHyderabad, IndiaBengaluru, IndiaBengaluru, Karnataka, IndiaChennai, Tamil Nadu, IndiaHyderabad, Telangana, IndiaDelhi, IndiaMumbai, Maharashtra, IndiaAhmedabad, Gujarat, IndiaChandigarh, IndiaNew Delhi, IndiaAhmedabad, IndiaNew Delhi, Delhi, IndiaKolkata, IndiaAhmadabad, IndiaNoida, Uttar Pradesh, IndiaGurgaon, Haryana, IndiaGurgaon, IndiaNoida, IndiaKochi, IndiaJaipur, IndiaKochi, Kerala, IndiaCoimbatore, IndiaKolkata, West Bengal, IndiaKerala, IndiaSurat, Gujarat, IndiaMohali, Punjab, IndiaGurugram, Haryana, IndiaIndianapolis, INTrivandrum, Kerala, IndiaVadodara, IndiaindiaThiruvananthapuram, IndiaIndore, Madhya Pradesh, IndiaSurat, IndiaJaipur, Rajasthan, IndiaCoimbatore, Tamil Nadu, IndiaCochin, Kerala, IndiaIndore, IndiaIndianaBangalore,IndiaRajkot, Gujarat, IndiaGandhinagar, Gujarat, IndiaBhubaneswar, IndiaVadodara, Gujarat, IndiaRajkot, IndiaVisakhapatnam, IndiaMadurai, IndiaNagpur, IndiaGoa, IndiaLucknow, IndiaNavi Mumbai, Maharashtra, IndiaNashik, IndiaNagpur, Maharashtra, IndiaErnakulam, Kerala, IndiaMohali, IndiaINDIAKerala,IndiaBhubaneswar, Odisha, IndiaCalicut, Kerala, IndiaMangalore, IndiaDehradun, IndiaMysore, Karnataka, IndiaMadurai, Tamil Nadu, IndiaKozhikode, IndiaGod's own country, IndiaThiruvananthapuram, Kerala, IndiaBhopal, Madhya Pradesh, IndiaThrissur, IndiaKharagpur, IndiaTamil Nadu, IndiaGujarat, IndiaMysore, IndiaShimla, Himachal Pradesh, IndiaIIT Kharagpur, Kharagpur, West Bengal, IndiaIndianapolisPune IndiaFaridabad, Haryana, IndiaAllahabad, IndiaGhaziabad, Uttar Pradesh, IndiaDehradun, Uttarakhand, IndiaNavi Mumbai, IndiaLudhiana, Punjab, IndiaSomewhere In IndiaLudhiana, IndiaNashik, Maharashtra, IndiaLucknow, Uttar Pradesh, IndiaThane, Maharashtra, IndiaHyderabad, Andhra Pradesh, IndiaGuwahati, IndiaVisakhapatnam, Andhra Pradesh, IndiaKanpur, IndiaHyderabad,IndiaThrissur, Kerala, IndiaErode, IndiaKakinada, IndiaTiruchirappalli, IndiaRajasthan Technical University, Kota, Rajasthan, IndiaAndhra Pradesh, IndiaGhaziabad, IndiaCalicut,IndiaChennai IndiaKoothattukulam, Kerala, IndiaBombay, Maharashtra, IndiaBangalore IndiaGoa IndiaUdaipur, Rajasthan, IndiaVaranasi, IndiaThane, IndiaJalandhar, IndiaKollam, Kerala, IndiaPune,IndiaCalicut, IndiaGandhinagar, IndiaKakinada, Andhra Pradesh, IndiaPune , IndiaKhargone, IndiaPerundurai, Tamil Nadu, IndiaVijayawada, Andhra Pradesh, IndiaChandigarh, Punjab, IndiaSrinagar, IndiaMumbai IndiaDelhi IndiaBangalore , IndiaMangaluru, IndiaCochin, IndiaChennai,IndiaNew Delhi,IndiaBhavnagar, Gujarat, IndiaMumbai,IndiaAmritsar, IndiaKottayam, Kerala, IndiaJodhpur, Rajasthan, IndiaVaranasi, Uttar Pradesh, IndiaErnakulam, IndiaTrivandrum, IndiaPatna, IndiaDelhi, New Delhi, IndiaVijayawada, IndiaGuwahati, Assam, IndiaWarangal, IndiaPondicherry, Puducherry, IndiaMumbai, India (Currently in Kuwait)Karnataka, IndiaRaipur, IndiaGwalior, IndiaBhopal, IndiaPathanamthitta, Kerala, IndiaTrichy, Tamil Nadu, IndiaPilani, IndiaKannur, IndiaMaharashtra, IndiaValsad,Gujarat,IndiaTirunelveli, Tamil Nadu, IndiaNavsari, IndiaAhmedabad,IndiaGreater Noida, Uttar Pradesh, IndiaBhilai Nagar, IndiaVadodara Jn, Vadodara, Gujarat, IndiaNagercoil, IndiaBikaner, Rajasthan, IndiaPondicherry, IndiaUttarpara Kotrung, IndiaManipal, IndiaDharapuram, IndiaUdaipur, IndiaJunagadh, IndiaAssam, IndiaMysuru, Karnataka, IndiaKottayam, IndiaSalem, Tamil Nadu, IndiaRaipur, Chhattisgarh, IndiaPatiala, IndiaItaly,India,German,AustriaMangaluru, Karnataka, IndiaGuruvayur, Kerala, IndiaMalappuram, IndiaGurgoan, IndiaAnantapur, IndiaBaroda, Gujarat, IndiaMysuru, IndiaRadaur, IndiaAnand, Gujarat, IndiaSiliguri, West Bengal, Indianew delhi,indiaThanjavur, Tamil Nadu, IndiaKarnal, Haryana, IndiaBikaner, IndiaAssam,IndiaFaridabad, IndiaAndheri East, Mumbai, Maharashtra, IndiaAhamdabad, IndiaGB Road, Manoramanagar, Srinagar Colony, Thane West, Thane, Maharashtra, IndiaCochin IndiaJodhpur, IndiaSivakasi, Tamil Nadu, IndiaDelhi,IndiaRamanthali, Kannur, Kerala, IndiaRishikesh, Uttarakhand, IndiaFatehpur, Uttar Pradesh, IndiaKota, IndiaRAJKOT (Gujart), IndiaCoimbatore - Tamil nadu, IndiaIndia,ChennaiTamil Nadu,IndiaSangli-Miraj Kupwad, IndiaChennai (India)Vizianagaram, IndiaBareilly, Uttar Pradesh, IndiaNellore, Andhra Pradesh, IndiaTN, IndiaAmbarnath, IndiaIndia, MaharastraKarur, Tamil Nadu, IndiaNoida IndiaMeerut, Uttar Pradesh, IndiaAgra, IndiaBelgaum, IndiaIndianapolis, IndianaDharmapuri, Tamil Nadu, IndiaKollam, IndiaAurangabad indiaUdupi, Karnataka, IndiaRatlam, IndiaRoorkee, IndiaPatiala, Punjab, IndiaRamanthapur, RTC Colony, Hyderabad, Telangana, IndiaGurgaon , India",5905,47469,325236,0.229,"IndiaBangalore, IndiaNew Delhi, IndiaMumbai, IndiaPune, IndiaHyderabad, IndiaChennai, IndiaGurgaon, IndiaIndianapolis, INBengaluru, IndiaDelhi, IndiaindiaINDIAIndianapolisKolkata, IndiaIndianaNoida, IndiaBangalore,IndiaAhmedabad, IndiaChandigarh, IndiaPune, Maharashtra, IndiaHyderabad,IndiaBangalore, Karnataka, IndiaAhmedabad, Gujarat, IndiaBangalore IndiaIndianapolis, IndianaChennai,IndiaGoa, IndiaKerala, IndiaBloomington, IndianaIndore, IndiaJaipur, IndiaDelhi,IndiaMumbai,IndiaPune,IndiaBangalore, India.Kharagpur, IndiaWest Lafayette, IndianaChennai, Tamil Nadu, IndiaKochi, IndiaCalcutta, IndiaMumbai, Maharashtra, IndiaTrivandrum, IndiaMumbai, INDIAWhitefield, Bengaluru, India, #3/13, 2nd Cross, 202, Abhayadhama Road - 560066New Delhi,IndiaChennai, Tamilnadu, IndiaBengaluru, Karnataka, IndiaAhmedabad,Gujarat,IndiaKolkata, West Bengal, IndiaNew Delhi , IndiaNew Delhi, INDIASurat, IndiaPune IndiaNew Delhi IndiaBengaluru,IndiaBangalore, INDIAJaipur, Rajasthan, IndiaKharagpur, West Bengal, IndiaBangalore , IndiaKolkata,IndiaCalicut , Kerala , IndiaNagpur, IndiaKanpur, IndiaVaranasi, IndiaGurgaon IndiaSouth Bend, IndianaMumbai IndiaMumbai, Maharashtra , IndiaLucknow, IndiaHyderabad, Telangana, IndiaHyderabad, INDIAVadodara, IndiaPune, INDIAGujarat IndiaVadodara, Gujarat, IndiaBanglore, IndiaChennai IndiaSurat, Gujarat, IndiaDelhi IndiaBangalore indiaCoimbatore, IndiaGuwahati, IndiaKochi, Kerala, IndiaChennai, Tamil Nadu, India.Gurgaon, Haryana, IndiaCoimbatore,Tamilnadu,IndiaHyderabad, India.Chennai, India.Rajkot, Gujarat, IndiaGorakhpur, India.Ahmedabad,Gujrat,IndiaMumbai, India.Delhi, India.Guruvayur, IndiaChennai, TN, IndiaAnand, Gujarat, IndiaKerala,IndiaRaipur (Chhattisgarh), IndiaHyderabad ,IndiaChennai , IndiaMysore, IndiaPune , IndiaHyderabad IndiaChennai, INDIAPilani, IndiaBelgaum, IndiaChennai,Tamil Nadu,IndiaGujarat, IndiaLudhiana, Punjab, IndiaGhaziabad, IndiaGoa,IndiaPune -IndiaDehradun, IndiaBhopal IndiaTrivandrum, Kerala, IndiaPunjab, IndiaCochin, IndiaCoimbatore, Tamil Nadu, IndiaRajkot, IndiaNashik, Maharashtra, IndiaBangalore (India)Mumbai - IndiaFort Wayne, IndianaIndiana, USVisakhapatnam, IndiaIIT Kanpur, IndiaGurugram, IndiaMumbai , IndiaVijayawada,India",99157.0,13017.0,29972.0,1583.99815907985,0,0.0,0.0,0.12439435432904992,0.43429086177559806,424393.0,3.6198381540937894,0.0,2
IRL,2015,"Dublin, IrelandIrelandGalway, IrelandCork, IrelandNorthern IrelandBelfast, Northern IrelandLimerick, IrelandWaterford, IrelandAthlone, County Westmeath, IrelandCork City, IrelandBray, IrelandMaynooth, County Kildare, IrelandAthlone, IrelandEnnis, Ireland",495,1872,15990,1.341,"Dublin, IrelandIrelandGalway, IrelandCork, IrelandBelfast, Northern IrelandWaterford, IrelandDublin IrelandDublin - IrelandNorthern IrelandLimerick, IrelandDublin, Ireland.Ireland, DublinBelfast, IrelandWexford, IrelandDublin,IrelandKildare, IrelandNewry, Northern Ireland",18252.0,2375.0,5553.0,64311.8234684057,0,0.0,0.0,0.2642819006940737,0.4276197335253871,34242.0,3.612154625125583,0.0,2
ISR,2015,"IsraelTel Aviv, IsraelTel Aviv-Yafo, IsraelHaifa, IsraelBeer-Sheva, IsraelBat Yam, IsraelHod HaSharon, IsraelBeersheba, IsraelHerzliya, IsraelNetanya, IsraelRamat Gan, IsraelAshdod, IsraelKfar Saba, IsraelTLV, IsraelYoqneam, IsraelTel Aviv District, IsraelPetah Tikva, Israel",819,2574,27732,1.372,"IsraelTel Aviv, IsraelTel-Aviv, IsraelisraelHaifa, IsraelModiin, IsraelGivataim IsraelNetanya, IsraelHerzliya, Israel",11168.0,1448.0,4095.0,36213.1041481958,0,0.0,0.0,0.31805825242718444,0.353515625,38900.0,3.548856682521327,0.0,2
ITA,2015,"ItalyRome, ItalyMilan, ItalyTurin, ItalyFlorence, ItalyBologna, ItalyMilan, Metropolitan City of Milan, ItalyVenice, ItalyRome, Metropolitan City of Rome, ItalyGenoa, ItalyBologna, Metropolitan City of Bologna, ItalyPisa, ItalyNaples, ItalyVicenza, ItalyitalyBrescia, ItalyMilano, Metropolitan City of Milan, ItalyModena, ItalyComo, ItalyBari, ItalyVerona, ItalyPadua, ItalyBergamo, ItalyRome;ItalyFerrara, ItalyTrieste, ItalyImola, Metropolitan City of Bologna, ItalyTurin, TO, ItalyCosenza, ItalyModugno ItalyLucca, ItalyRimini, ItalyFidenza, Province of Parma, ItalyParma, ItalyTrento, ItalyAncona, ItalyCatania, ItalyCagliari, ItalyMonza, ItalyTurin, Metropolitan City of Turin, ItalyFerrara, Province of Ferrara, ItalySalerno, ItalyUdine, ItalyTorino, ItalyCatanzaro (Italy)Mestre, ItalySardinia, ItalyMolfetta, ItalyMilano, ItalyPadua, Province of Padua, ItalyPiacenza, ItalyPordenone, ItalyPalermo, ItalyPesaro, ItalyRende, ItalyRoma, ItalyBrindisi, ItalyRoma, Metropolitan City of Rome, ItalyGenova, ItalyPerugia, ItalyItaly, RavennaFlorence, Metropolitan City of Florence, Italy",646,3781,32595,1.317,"ItalyRome, ItalyMilan, ItalyTurin, ItalyBologna, ItalyMilano, ItalyTrento, ItalyFlorence, ItalyBergamo, ItalyPisa, ItalyitalyGenoa, ItalyTorino, ItalyMilan - ItalyBrescia, ItalyBari, ItalyNaples, ItalyVerona, ItalyCagliari, ItalyCatania, ItalyPadova, ItalyFerrara, ItalyGenova, ItalyVenice, ItalyFirenze, ItalyModena, ItalyVicenza, ItalyTrieste, ItalyComo, ItalyIn the clouds above ItalyBolzano, ItalyPavia, ItalyPadua, ItalyTreviso, ItalyRome - ItalyCinisello Balsamo, Milan, ItalyITALYL'Aquila, ItalyNapoli, ItalyParma, ItalyVenice (Italy)Roma, ItalyLecce, ItalyUdine, ItalyMilan ItalyLucca, ItalySouthern ItalyTrento - ItalyPalermo, ItalyItaly, RomeMilan (Italy)Piacenza, ItalyTorino (Italy)Ancona, Italy",23132.0,3035.0,7291.0,30639.8829751432,0,0.0,0.0,0.1708090957165521,0.4162095447065277,55727.0,3.2075397043196467,0.0,2
JPN,2015,"Tokyo, JapanJapanTokyo,JapanOsaka, JapanFukuoka, JapanYokohama, JapanShibuya, Tokyo, JapanFukuoka-shi, JapanYokohama, Kanagawa Prefecture, JapanYokohama, Kanagawa, JapanKyoto, JapanNagoya, Aichi Prefecture, JapanLondon, United Kingdom and Tokyo, JapanSapporo, Hokkaido Prefecture, Japan",349,827,9666,2.57,"Tokyo, JapanJapanKyoto, JapanjapanOsaka, JapanTokyo JapanFukuoka, JapanYokohama, JapanTokyo/JapanKanagawa, JapanTokyo, JAPANTokyo,JapanSaitama, JapanJapan, TokyoSapporo, JapanJAPANChiba, JapanNagoya, JapanKobe, JapanJapan TokyoTsukuba, JapanShibuya, Tokyo, JapanOsaka JapanOkinawa, JapanAichi, JapanTokyo, Japan.Hyogo, Japantokyo, japanKawasaki, JapanJapan／神戸市(GMT+0900)Shibuya, JapanYokohama, Kanagawa, JapanTokyo / JapanShizuoka, JapanNara, JapanJapan,TokyoNagano, JapanJapan/Tokyojapan tokyoHiroshima, Japan1–2 Kasuga, Tsukuba-shi, Ibaraki, 305-0003, JAPANOsaka, JAPANSendai, JapanHokkaido, JapanOsaka,JapanJapan OsakaSapporo, Hokkaido, JapanFukuoka-shi JapanOkayama, JapanGunma, JapanFukuoka, JAPANjapan/tokyoIbaraki, JapanTochigi, JapanTokyo. JapanOkinawa,JapanNaha,Okinawa,JapanAkashi, JapanTsukuba, Ibaraki, JapanNiigata, JapanIshikawa, Japantokyo japanHokkaido, JAPANGifu, JapanYokohama JapanShiga, JapanTokushima JapanKansai, JapanFukui, Japantokyo,japan55 min from Nagoya, JapanKyoto,JapanFukuoka JapanTokyo , JapanNaha City, Okinawa, JapanNagoya, Aichi, JapanKumamoto, JapanKawasaki, Kanagawa, JapanJapaneseMiyazaki, JapanKushimoto-cho Higashimuro-gun, Wakayama, 649-3511, JapanSacramento, CA / Tochigi, JapanKanagawa JapanOtaru, JapanMatsue, JapanFukuoka.JapanJapan, Fukuokajapan,tokyo",84084.0,10453.0,18477.0,34960.6393843385,0,0.0,0.0,0.4214975845410628,0.565699751055309,93750.0,5.650913808938321,0.0,0
KOR,2015,"Seoul, South KoreaSouth KoreaKoreaSeoul, KoreaDaejeon, South KoreaBundang-gu, Seongnam-si, Gyeonggi-do 448-160, Republic of KoreaRepublic of KoreaDaegu, South KoreaSuwon, South Korea",213,654,5862,1.974,"Seoul, KoreaSeoul, South KoreaSouth KoreaKoreaSeoul, Republic of KoreaRepublic of Koreakoreasouth koreaSeoul KoreaDaejeon, KoreaKorea, Republic ofseoul, koreaSuwon, KoreaRepublic of KOREADaejeon, South KoreaJeju, South KoreaKorea, SeoulKOREASeoul,KoreaSeoul, Korea.Suwon, South KoreaSouth Korea, Republic of KoreaSouth Korea, SeoulSeoul/KoreaSeoul, KOREAIncheon, South KoreaIncheon, KoreaJeju, KoreaSeoul, South Korea.Republic of Korea (South Korea)Ulsan, KoreaSeongnam, Republic of KoreaSouth koreaDaejeon, Republic of KoreaSeongnam, KoreaGangnam,KoreaKorea, SouthJamsil, Seoul, S. KoreaNorth Koreaseoul,koreaSeoul/South KoreaRepublic of Korea, SeoulKorean",25586.0,3828.0,6512.0,28737.4391706499,0,0.0,0.0,0.3251908396946565,0.5877475817595578,31448.0,4.7272510478469005,0.0,0
MEX,2015,"MexicoMexico City, MexicoGuadalajara, Jalisco, MexicoGuadalajara, MexicoMonterrey, MexicoMexico CityMexico City, CDMX, MexicoMonterrey, Nuevo Leon, MexicoValencia, Hamburg, Zaragoza, Bonn, Segovia, Madrid, Bosnia-Herzegovina, Strasbourg, Mexico, BarcelonChihuahua, MexicoPuebla, MexicoQueretaro, MexicoTijuana, MexicoNew MexicoHermosillo, MexicoMexico City, CDMX, MéxicoTijuana, Baja California, MexicoMorelia, MexicoVictoria, MexicoCancun, MexicoMexico City, MX",192,834,7287,1.15,"MexicoMexico CityMonterrey, MexicoMexico City, MexicoGuadalajara, MexicomexicoMexico DFMexico cityAlbuquerque, New MexicoMexico D.F.New MexicoColima, MexicoGuadalajara, Jalisco, MexicoOaxaca, MexicoTijuana, MexicoGuanajuato, MexicoPuebla, MexicoJalisco, MexicoMexico, DFCalgary, Alberta ; Cancun, MexicoMEXICOAguascalientes, MexicoMexico, D.F.Albuquerque New MexicoHermosillo, Sonora, MexicoSanta Fe, New MexicoSinaloa, MexicoMexico, MeridaDurango Mexico",13087.0,1234.0,4282.0,10021.2386124039,0,0.0,0.0,0.22994011976047904,0.2881158066775625,20374.0,2.570092012817287,0.0,1
MYS,2015,"MalaysiaKuala Lumpur, MalaysiaKuala Lumpur, Federal Territory of Kuala Lumpur, MalaysiaKuala Lumpur Federal Territory of Kuala Lumpur MalaysiaKuala Lumpur MalaysiaPetaling Jaya, MalaysiaCyberjaya, Selangor, MalaysiaPenang MalaysiaCyberjaya Selangor MalaysiaDiamond Square, Kuala Lumpur, Federal Territory of Kuala Lumpur, Malaysia",138,1667,9278,1.124,"MalaysiaKuala Lumpur, MalaysiaSelangor, MalaysiaPenang, MalaysiaPutrajaya, MalaysiaCyberjaya, MalaysiaJohor Bahru, MalaysiamalaysiaMALAYSIAPetaling Jaya, Malaysia",7222.0,626.0,2249.0,9648.6797937523,0,0.0,0.0,0.08273381294964029,0.2782222222222222,16500.0,1.7526538405746288,0.0,1
NGA,2015,"Lagos, NigeriaNigeriaAbuja, NigeriaAbuja, FCT, Nigeria",60,692,3535,-1.345,"Lagos, NigeriaNigeriaAbuja, NigeriaLagos NigeriaLagos,NigeriaLagos, Nigeria.Nigeria, Lagos",4148.0,402.0,1712.0,2585.73360671797,0,0.0,0.0,0.08658008658008658,0.23467600700525393,7683.0,1.4371223528602854,0.0,1
NLD,2015,"NetherlandsAmsterdam, NetherlandsThe NetherlandsRotterdam, NetherlandsEindhoven, NetherlandsUtrecht, NetherlandsGroningen, NetherlandsAmsterdam, The NetherlandsThe Hague, NetherlandsDelft, NetherlandsEnschede, NetherlandsLeiden, Netherlandsthe NetherlandsZwolle, NetherlandsArnhem, NetherlandsHaarlem, NetherlandsTilburg, NetherlandsHelmond, NetherlandsApeldoorn, NetherlandsAmersfoort, NetherlandsBreda, NetherlandsAlkmaar, NetherlandsHilversum, NetherlandsUtrecht, The NetherlandsZaandam, The NetherlandsNijmegen, NetherlandsUrk, NetherlandsAmstelveen, NetherlandsAlmere, NetherlandsGouda, NetherlandsRotterdam, The NetherlandsNorth Brabant, The NetherlandsVenlo, NetherlandsFrankrijkkade, Almere, NetherlandsLeeuwarden, NetherlandsDeventer, NetherlandsAmersfoort, The NetherlandsThe Hague, The NetherlandsNetherlands, TheStellendam, NetherlandsHengelo, NetherlandsVeenendaal, NetherlandsGroningen, The NetherlandsNetherlands / CaliforniaWageningen, NetherlandsHoofddorp, NetherlandsRosmalen, Netherlandsthe netherlandsMaastricht, NetherlandsLeerdam, Netherlands",1321,5910,45111,1.219,"NetherlandsThe NetherlandsAmsterdam, The NetherlandsAmsterdam, NetherlandsUtrecht, NetherlandsUtrecht, The NetherlandsAmsterdam, the Netherlandsthe NetherlandsRotterdam, The NetherlandsRotterdam, NetherlandsEindhoven, The NetherlandsEindhoven, NetherlandsDelft, The NetherlandsGroningen, The NetherlandsGroningen, NetherlandsThe Hague, The NetherlandsThe Hague, NetherlandsNijmegen, The NetherlandsRotterdam, the NetherlandsDen Haag, NetherlandsEnschede, The NetherlandsDelft, NetherlandsUtrecht, the NetherlandsAmersfoort, The NetherlandsLeiden, The NetherlandsEindhoven, the NetherlandsNijmegen, NetherlandsHaarlem, NetherlandsDelft, the NetherlandsBreda, The NetherlandsHaarlem, The NetherlandsArnhem, The NetherlandsGroningen, the NetherlandsLeiden, Netherlands's-Hertogenbosch, The NetherlandsZwolle, The NetherlandsnetherlandsLeiden, the NetherlandsAmersfoort, NetherlandsMaastricht, The NetherlandsHilversum, The NetherlandsEnschede, NetherlandsBreda, NetherlandsHaarlem, the NetherlandsTilburg, The NetherlandsAlkmaar, The NetherlandsHilversum, NetherlandsEnschede, the NetherlandsZwolle, NetherlandsThe Netherlands - Zuid HollandHilversum, the NetherlandsAlmere, NetherlandsBentelo, NetherlandsAlmere, The NetherlandsNetherlands, TheArnhem, Netherlandsamsterdam, NetherlandsRosmalen, The NetherlandsAmersfoort, the NetherlandsNetherlands, AmsterdamNijmegen, the NetherlandsHeerenveen, The NetherlandsBroek op Langedijk, The NetherlandsWageningen, The NetherlandsTilburg, NetherlandsNetherlands, RotterdamThe Netherlands, AmsterdamVeenendaal, The NetherlandsRijswijk, The Netherlands",46865.0,6271.0,15991.0,45793.8135434697,0,0.0,0.0,0.22348164439181187,0.3921335667833917,91976.0,3.5180235657614536,0.0,2
PAK,2015,"PakistanLahore, PakistanIslamabad, PakistanKarachi, PakistanLahore, Punjab, PakistanKarachi, Sindh, PakistanIslamabad, Islamabad Capital Territory, PakistanRawalpindi, PakistanRawalpindi, Punjab, PakistanIslamabad Capital Territory, PakistanThe place I belong to is called Pakistan but I call it Paradise :)Faisalabad, PakistanLahore,PakistanIslamabad | PakistanLahore Cantt., Lahore, Punjab, PakistanPeshawar, PakistanLahore PakistanMultan, Punjab, PakistanGujranwala, PakistanSialkot, PakistanFaisalabad, Punjab, PakistanBahawalpur, PakistanKarachi,PakistanIslamabad PakistanPakistan, IslamabadVillage Satabo, Khairpur, PakistanPakistan, LahoreHyderabad, PakistanMalakand, PakistanSargodha, PakistanSahiwal, PakistanMultan, PakistanIslamabad,Pakistan",243,6573,31863,-0.741,"PakistanLahore, PakistanKarachi, PakistanIslamabad, PakistanLahore PakistanPeshawar, PakistanMultan, PakistanIslamabad,PakistanKarachi,PakistanLahore,PakistanRawalpindi, PakistanKarachi PakistanpakistanIslamabad , Pakistankarachi, pakistanLahore, Pakistan.Karachi , Pakistan",6645.0,403.0,2503.0,1380.47020838317,0,0.0,0.0,0.03696379677517493,0.16094249201277955,38508.0,1.0448113468437568,0.0,1
PHL,2015,"PhilippinesManila, PhilippinesCebu, PhilippinesMakati, PhilippinesNaga City, PhilippinesQuezon City, PhilippinesCaloocan City, NCR, PhilippinesManila, NCR, PhilippinesMetro Manila, PhilippinesCebu City, PhilippinesPasig, PhilippinesBoracay, PhilippinesManila, Metro Manila, PhilippinesQuezon City, NCR, PhilippinesDavao City, PhilippinesCagayan de Oro, PhilippinesMakati, Metro Manila, PhilippinesDavao, PhilippinesDavao City, Davao Region, PhilippinesBacoor, PhilippinesMakati City, PhilippinesCebu City, Central Visayas, PhilippinesTaguig, PhilippinesLaguna, Philippines",153,3503,15041,0.639,"PhilippinesManila, PhilippinesCebu, PhilippinesQuezon City, PhilippinesCebu City, PhilippinesMakati, PhilippinesMakati City, PhilippinesDavao City, PhilippinesPasig City, PhilippinesMetro Manila, Philippines2401 Taft Avenue, Malate, Manila, PhilippinesphilippinesLaguna, PhilippinesIligan City, PhilippinesCavite, PhilippinesDavao, PhilippinesLos Banos Laguna - Philippines",11754.0,1018.0,4326.0,2909.85818010301,0,0.0,0.0,0.04366438356164384,0.2352669285879362,26795.0,1.4219929313443143,0.0,1
POL,2015,"PolandWarsaw, PolandKrakow, PolandWrocław, PolandKraków, PolandWroclaw, PolandPoznań, PolandPoznan, PolandCracow, PolandGdańsk, PolandGdansk, PolandSzczecin, PolandŁódź, PolandBialystok, PolandWarszawa, PolandKatowice, PolandLodz, PolandUpper Silesia, PolandGdynia, PolandPoland, WarsawBydgoszcz, PolandPoland, CzęstochowaRzeszow, PolandGliwice, PolandKielce, PolandLublin, PolandBielsko-Biala, PolandPoland, LodzPabianice, PolandPultusk, PolandCzestochowa, PolandRzeszów, PolandOpole, Poland",736,2941,31740,1.143,"PolandWarsaw, PolandKraków, PolandWrocław, PolandPoznań, PolandCracow, PolandGdańsk, PolandWroclaw, PolandKrakow, PolandGdansk, PolandPoznan, PolandSzczecin, PolandPoland, WarsawLodz, PolandKatowice, PolandŁódź, PolandGliwice, PolandWarsaw/PolandLublin, PolandBiałystok, PolandGdynia, PolandPoland, WrocławPoland, KrakówWarszawa, PolandToruń, PolandPoland, CracowBydgoszcz, PolandPoland, ŁódźPoland, WroclawOlsztyn, PolandOpole, PolandpolandUS & PolandPoland, LublinRzeszów, PolandZielona Góra, PolandPoland, Zielona GóraBytom, PolandPOLANDRzeszow, PolandCzęstochowa, PolandKielce, PolandBielsko-Biala, PolandPoland, KrakowPoland, GdańskPoland, GdyniaTorun, PolandPoland, KatowicePoland WarsawBielsko-Biała, PolandPoland, Poznan",34107.0,4984.0,9890.0,12637.5220324406,0,0.0,0.0,0.2501699524133243,0.5038924274593064,65847.0,4.183200389761595,0.0,2
RUS,2015,"Moscow, RussiaRussiaSt. Petersburg, RussiaSaint Petersburg, RussiaNovosibirsk, RussiaRussia, MoscowYekaterinburg, RussiaRussian FederationVoronezh, RussiaKazan', RussiaRussia, Saint-PetersburgVolgograd, RussiaBelgorod, RussiaSamara, RussiaTaganrog, RussiaKhabarovsk, RussiaKazan, RussiaNizhniy Novgorod, RussiaTver, Tver Oblast, RussiaKrasnodar, RussiaKrasnoyarsk, RussiaRostov-on-Don, RussiaRostov-na-Donu, RussiaSaratov, RussiaVladivostok, RussiaUfa, RussiaNizhny Novgorod, RussiaOmsk, RussiaSaint-Petersburg, RussiaPerm, RussiaSt Petersburg, RussiaRussia, UfaDolgoprudniy, RussiaTomsk, RussiaIzhevsk, RussiaTula, RussiaVladimir, RussiaRussian Federation, MoscowKazan, Tatarstan, RussiaKaliningrad, RussiaRussia, SaratovTver', RussiaChelyabinsk, RussiaZheleznodorozhnyy, RussiaTaganrog, Rostov Oblast, RussiaSt Petersburg, Saint Petersburg, RussiaKrasnodar, Krasnodar Krai, RussiaNizhny Novgorod, Nizhny Novgorod Oblast, Russia",1050,2229,30288,0.285,"RussiaMoscow, RussiaRussia, MoscowSaint-Petersburg, RussiaRussian FederationRussia, Saint-PetersburgSaint Petersburg, RussiaSt. Petersburg, RussiaNovosibirsk, RussiaRussia, NovosibirskMoscow, Russian FederationYekaterinburg, RussiaRussia, Saint PetersburgRussia, YekaterinburgKazan, RussiaRussianSamara, RussiaRussia, KazanRussia, VoronezhSt.Petersburg, RussiaRussia, OmskRussia, St. PetersburgRussia, ChelyabinskRussia, SamaraRussia, Rostov-on-DonKrasnodar, RussiaRostov-on-Don, RussiaOmsk, RussiaRussia, Nizhny NovgorodRussia, PermRussian Federation, MoscowRussia, KrasnodarTomsk, RussiaRussia, UfaNizhny Novgorod, RussiaSaratov, RussiaRussia, KrasnoyarskVoronezh, RussiaRussia, SaratovEkaterinburg, RussiarussiaChelyabinsk, RussiaRussia MoscowRussia, TverVladivostok, RussiaPerm, RussiaRussia, EkaterinburgRussia, TomskKaliningrad, RussiaRussia, TulaIrkutsk, RussiaKrasnoyarsk, RussiaRussia, TyumenRussia, VolgogradUfa, RussiaRussia, VladivostokTaganrog, RussiaRussia, KaliningradRussia, YaroslavlRussia, UlyanovskUlyanovsk, RussiaRussia, St.PetersburgRussia, TaganrogRussia, IrkutskRussia, Nizhniy NovgorodIzhevsk, RussiaTyumen, RussiaPenza, RussiaTula, RussiaRussia/MoscowSaint-Petersburg, Russian FederationRussia, IzhevskRussia, KirovNizhniy Novgorod, RussiaRussian, MoscowRussia, RyazanBarnaul, RussiaSt-Petersburg, RussiaArkhangelsk, RussiaRussia, KurganCheboksary, RussiaRussia, TambovSochi, RussiaRussia, BelgorodRussia without PutinRussia, KurskVladimir, RussiaRussia, Saint-PeterburgRussia, BryanskRyazan, Russiarussia,tyumenRussia, SochiRussia, SmolenskBryansk, RussiaRussian Federation, Saint-PetersburgMoscow/RussiaVolgograd, RussiaRussia, OrenburgRussia, SiberiaKirov, RussiaRussia, BarnaulPerm, Russian Fed.Russia, Vladimiromsk, russiaTver, RussiaRussia FederationBelgorod, RussiaNovorossiysk, RussiaRussia, StavropolRussian Federation, PyatigorskRussia / MoscowInnopolis, RussiaRussia, LipetskRussia, PenzaMoscow, Russia FederationMoscow RussiaKing of Prussia, PAOrenburg, RussiaMoskow, RussiaSaint-Petersburg City, Russian FederationKaluga, RussiaSt Petersburg, RussiaRussia, SPbSaint-Peterburg, RussiaLipetsk, Russia",66858.0,9857.0,21634.0,9277.7138671875,0,0.0,0.0,0.47085201793721976,0.4556043448116478,97146.0,5.3197034363475035,0.0,0
SGP,2015,"SingaporeSingapore, SingaporeSingapore, Hong Kong, London",641,1985,18134,2.175,"SingaporeSunnyvale, San Francisco / SingaporesingaporeSingapore, SingaporeNew York, London, Singapore, New Zealand, AfricaBrisbane, AU ⇄ SingaporeSan Francisco, London, Austin, SingaporeNational University of Singapore",25678.0,3661.0,7783.0,55645.6068614606,0,0.0,0.0,0.32275931520644513,0.47032374100719426,43812.0,4.238111281255958,0.0,2
SWE,2015,"SwedenStockholm, SwedenGothenburg, SwedenMalmö, SwedenswedenLinköping, SwedenUppsala, SwedenLund, SwedenMalmo, SwedenGöteborg, SwedenSweden, StockholmVästerås, SwedenLinkoping, SwedenKarlskrona, SwedenKarlstad, SwedenHelsingborg, SwedenUmeå, SwedenJönköping, SwedenNorrköping, SwedenKalmar, SwedenVästra Götaland County, SwedenGävle, SwedenDegerfors, SwedenSweden, MalmöSundsvall, SwedenHalmstad, Halmstad, SwedenJonkoping, Sweden",674,2819,26403,1.81,"SwedenStockholm, SwedenGothenburg, SwedenMalmö, SwedenGöteborg, SwedenUppsala, SwedenLund, SwedenLinköping, SwedenUmeå, SwedenKalmar, SwedenswedenVäxjö, SwedenStockholm SwedenÖrebro, SwedenNorrköping, SwedenSundsvall, SwedenJönköping, SwedenSweden, StockholmVästerås, SwedenKarlskrona, SwedenSweden, GothenburgHelsingborg, SwedenStockholm / SwedenSweden, MalmöSkövde, SwedenHalmstad, SwedenLuleå, SwedenKarlstad, SwedenLidköping, SwedenGotheburg, SwedenGävle, SwedenBorlänge, SwedenStockholm (Sweden)Stockholm/SwedenSkåne, SwedenMalmo, Sweden",38314.0,5543.0,11850.0,51197.9529341175,0,0.0,0.0,0.23900709219858157,0.4677242426799426,64717.0,3.9145122998658635,0.0,2
THA,2015,"Bangkok, ThailandThailandBangkok ThailandChiang Mai, ThailandKrung Thon Buri Khlong Ton Sai Bangkok ThailandChiang Mai Thailand",133,766,4594,1.012,"Bangkok, ThailandThailandChiang Mai, ThailandBangkok ThailandthailandBangkok, Thailand.BKK, ThailandBangkok,ThailandMueang Pattaya, ThailandThailand, Bangkokbangkok,ThailandLakSi , Bangkok , ThailandTHAILAND",9394.0,1037.0,3142.0,5688.85335397884,0,0.0,0.0,0.17340286831812254,0.32993954820235444,13988.0,2.402460044851212,0.0,1
TUR,2015,"TurkeyIstanbul, TurkeyAnkara, Turkeyİstanbul, TurkeyAlaçatı, TurkeyIstanbul, İstanbul, TurkeyMersin, TurkeyIzmir, Turkeyİzmir, TurkeyBursa, TurkeySivas, TurkeyTurkey, AnkaraIstanbul/Turkey",196,2043,15599,0.351,"TurkeyIstanbul, TurkeyAnkara, TurkeyIstanbul / Turkeyİstanbul, TurkeyIstanbul/TurkeyIstanbul,TurkeyIzmir, TurkeyTURKEYturkeyIstanbul - Turkeyİstanbul / TurkeyAntalya, TurkeyTurkey/Istanbulİzmir, TurkeySmyrna, Turkeyİstanbul/TurkeyTurkey, IstanbulAnkara, TURKEYAnkara / TurkeyIstanbul, TURKEYBursa, TurkeyIstanbul Turkey",9875.0,1021.0,3091.0,11049.9951100942,0,0.0,0.0,0.0958904109589041,0.33020698576972835,25474.0,2.1614755257328033,0.0,1
USA,2015,"United StatesUSANew York, United StatesNew York, NY, United StatesSan Francisco, CA, United StatesSan Francisco, CA, USASeattle, WA, United StatesSeattle, WA, USANew York, NY, USABoston, MA, United StatesChicago, IL, United StatesLos Angeles, CA, United StatesChicago, IL, USAAustin, TX, United StatesAustin, TX, USABoston, MA, USAAtlanta, GA, United StatesLos Angeles, CA, USAMonterey, CA, USAPittsburgh, PA, United StatesDenver, CO, USASan Jose, CA, United StatesSan Diego, CA, United StatesCalifornia, United StatesSan Diego, CA, USADenver, CO, United StatesBrooklyn, NY, USAPortland, OR, United StatesSan Jose, CA, USAWashington, DC, United StatesCalifornia, USAAtlanta, GA, USADallas, TX, United StatesJerusalem, IsraelSalt Lake City, UT, United StatesDallas, TX, USAHouston, TX, United StatesHouston, TX, USAPhoenix, AZ, United StatesPortland, OR, USAPhiladelphia, PA, United StatesWashington, United StatesOrange County, CA, United StatesMinneapolis, MN, USAOrlando, FL, United StatesWashington D.C., DC, USAColumbus, OH, USAPittsburgh, PA, USALausanne, SwitzerlandPhiladelphia, PA, USAMountain View, CA, USAWashington, DC, USAVirginia, United StatesSt. Louis, MO, USANew Jersey, USAReston, VA, United StatesWorcester, MA, United StatesMountain View, CA, United StatesClearwater, FL, USAFlorida, USAMassachusetts, USABay Area, CA, USARaleigh, NC, United StatesFlorida, United StatesMadison, WI, United StatesMiami, FL, United StatesSunnyvale, CA, United StatesSunnyvale, CA, USAMinneapolis, MN, United StatesCharlotte, NC, USABay Area, CA, United StatesSacramento, CA, United StatesRedmond, WA, USAOrlando, FL, USACincinnati, OH, United StatesTexas, USADockweiler, CA 90007, USASan Francisco Bay Area, CA, USABoulder, CO, USABaltimore, MD, United StatesTexas, United StatesMaryland, USAIndianapolis, IN, United StatesBerkeley, CA, United StatesNew Jersey, United StatesSt. Louis, MO, United StatesSalt Lake City, UT, USABoulder, CO, United StatesBrooklyn, NY, United StatesIrvine, CA, United StatesMaryland, United StatesColorado, USARaleigh, NC, USAColumbus, OH, United StatesCambridge, MA, United StatesBellevue, WA, USATampa, FL, USASanta Monica, CA, United StatesOakland, CA, USALas Vegas, NV, USAMichigan, United StatesColorado Springs, CO, USALas Vegas, NV, United StatesNorth Carolina, USAOakland, CA, United StatesCharlotte, NC, United StatesTampa, FL, United StatesLouisville, KY, United StatesIrvine, CA, USAIndianapolis, IN, USAMichigan, USASanta Clara, CA, United StatesGregLand, USASan Francisco Bay Area, CA, United StatesEast Coast, USAAurora, CO, USAMiami, FL, USAIndianapolis, Indiana, USAPalo Alto, CA, United StatesNashville, TN, USAPlano, TX, USAMassachusetts, United StatesNYC, NY, United StatesBaltimore, MD, USACleveland, OH, USABellevue, WA, United StatesHighland Heights, KY, USANY, United StatesColorado, United StatesAthens, GA, United StatesCincinnati, OH, USAMadison, WI, USADetroit, MI, USANew York, USAPalo Alto, CA, USAOhio, United StatesCleveland, OH, United StatesVirginia, USAPhoenix, AZ, USAArizona, United StatesAnn Arbor, MI, USAUtah, USANew York City, NY, United StatesBuffalo, NY, United StatesNYC, NY, USAJersey City, NJ, United StatesRochester, NY, United StatesCambridge, MA, USARedmond, WA, United StatesSanta Cruz, CA, United StatesSilicon Valley, CA, United StatesOhio, USAIndiana, USABerkeley, CA, USADurham, NC, United StatesFairfield, OH, USACO, USACA, USARochester, NY, USASanta Clara, CA, USANashville, TN, United StatesConnecticut, USAMinnesota, USASan Antonio, TX, USAKansas City, MO, United StatesMilwaukee, WI, United StatesSan Mateo, CA, United StatesLehi, UT, USAMenlo Park, CA, United StatesWisconsin, United StatesRichmond, VA, United StatesUnited States of America.Fremont, CA, USATempe, AZ, United StatesGeorgia, United StatesHonolulu, HI, USANew Orleans, LA, USALouisville, KY, USATroy, New York, USARichmond, VA, USAOmaha, NE, United StatesIllinois, USATennessee, United StatesDetroit, MI, United StatesOmaha, NE, USASaint Louis, MO, United StatesNY, USABoise, ID, United StatesAnn Arbor, MI, United StatesCarlisle, PA, United StatesPennsylvania, United StatesSan Antonio, TX, United StatesProvo, UT, United StatesLong Island, NY, United StatesNaperville, IL, USAPennsylvania, USAFort Lauderdale, FL, United StatesCentral Florida, FL, USASouthern California, CA, United StatesFalls Church, VA, United StatesAurora, CO, United StatesGainesville, FL, USAQueens, NY, USAStarkville, MS, USAJacksonville, FL, United StatesSacramento, CA, USASterling, VA, USAUnited States of AmericaTallahassee, FL, USANC, USAGrand Rapids, MI, United StatesPrinceton, NJ, USAMenlo Park, California, USAGeorgia, USAUtah, United StatesOregon, USARexburg, ID, USATulsa, OK, United StatesWashington D.C., DC, United StatesNorth Carolina, United StatesGaithersburg, MD. USASanta Monica, CA, USAAnywhere, USAMemphis, TN, USAFrisco, TX, USADurham, NC, USABeaverton, OR, United StatesFremont, CA, United StatesOrange County, CA, USAFlagstaff, AZ, USAAlpharetta, GA, United StatesArlington, VA, United StatesBuffalo, NY, USAWeston, FL, United StatesWest Union, IA, USAAtlanta USAKnoxville, TN, USAOregon, United StatesLivonia, MI, USAPlano, TX, United StatesOkemos, Meridian charter Township, MI, United StatesCary, NC, United StatesArkansas, United StatesArizona, USAGreenville, NC, USAWashington, USASeattle, Washington, United StatesNJ, USASilicon Valley, California, USASan Carlos, CA, USASilver Spring, MD, United StatesConnecticut, United StatesDes Moines, IA, United StatesCupertino, CA, USARhinebeck, NY, USABirmingham, AL, United StatesDayton, OH, USALexington, KY, USAStanford, CA, United StatesSanta Barbara, CA, United StatesUnited States Virgin IslandsLittle Rock, AR, USACamden, ME, USACharleston, SC, United StatesHuntsville, AL, USAFort Pierce, FL, USAEliot, ME, United StatesAlbuquerque, NM, United StatesusaBaton Rouge, LA, USASt. Petersburg, FL, United StatesScottsdale, AZ, United StatesWashington DC, United StatesGrand Rapids, MI, USASaint Louis, MO, USAEugene, OR, United StatesWoodland Hills, Los Angeles, CA, United StatesVermont, USAKirkland, WA, United StatesChapel Hill, NC, USACharleston, SC, USASouth FL, United StatesFL, USAOrem, UT, United StatesSpringfield, MO, United StatesHanover, NH, United StatesMinnesota, United StatesKansas City, MO, USACookeville, TN, United StatesAlabama, USACedarhurst, New York, USAFL, United StatesArlington, VA, USAHawaii, United StatesLincoln, NE, United StatesKansas, United StatesColumbia, MD, USAJersey City, NJ, USAJerusalemLafayette, IN, United StatesKirkland, WA, USAGainesville, FL, United StatesMilwaukee, WI, USAMaine, USABoise, ID, USAAsheville, NC, USAMenlo Park, CA, USAJacksonville, FL, USATucson, AZ, United StatesWisconsin, USALancaster, PA, United StatesNew Paltz, NY, United StatesVenice, Los Angeles, CA, United StatesSomewhere, USATempe, AZ, USAManhattan Beach, CA, USANJ, United StatesWashington, District of Columbia, United StatesGreenville, SC, United StatesNorfolk, VA, United StatesEverett, WA, United StatesWilliston Park, NY, United StatesDelray Beach, FL, USATucson, AZ, USAIndiana, United StatesWalnut Creek, CA, USAChampaign, IL, United StatesUrbana, IL, United StatesKentucky, United StatesOklahoma City, OK, United StatesCoffee City, TX, USAAlbany, NY, USABoca Raton, FL, USARutland, VT, United StatesHollywood, Los Angeles, CA, USANewport Beach, CA, USANew Hampshire, USASanta Cruz, CA, USAPasadena, CA, USASeattle, USAMelbourne, FL, USAAlexandria, VA, USAKnoxville, TN, United StatesGeorgia Tech, Atlanta, GA, USAHarrison, NJ, United StatesMarlborough, MA, United StatesMemphis, TN, United StatesMontana, USAAshburn, VA, United StatesLong Beach, CA, United StatesMill Creek, WA, United StatesRI,USAFort Lauderdale, FL, USAColumbia, MO, United StatesCT, USAWashington, D.C., DC, United StatesRedwood City, CA, USALexington, KY, United StatesBroomfield, CO, United StatesBridgewater, NJ, United StatesLong Beach, CA, USARockville, MD, United StatesSt Paul, MN, USADearborn, MI, USAPensacola, FL, United StatesIthaca, NY, United StatesAlaska, United StatesLouisburg, KS, United StatesTroy, NY, United StatesColorado Springs, CO, United StatesLittleton, CO, United StatesLusaka, ZambiaChattanooga, TN, United StatesCupertino, CA, United StatesGilbert, AZ, United StatesArlington, TX, USATucson, Arizona, USADayton, OH, United StatesScarsdale, NY, United StatesProvidence, RI, USAMA, USAProvo, UT, USATennessee, USAFlower Mound, TX, United StatesNew York City, NY, USAHuntsville, AL, United StatesTemecula, CA, United StatesCarmel, CA, United StatesLafayette, LA, United StatesLaguna Beach, CA, United StatesSparta, MI, United StatesBellingham, WA, USANorcross, GA, USAHuntington Beach, CA, USACentreville, VA, United StatesDes Moines, IA, USATroy, NY, USAVirginia Beach, VA, United StatesBothell, WA, USAThe Woodlands, TX, USAHonolulu, HI, United StatesMidwest USANew England, USADavis, CA, United StatesOklahoma City, OK, USABirmingham, AL, USAReston, VA, USAPA, United StatesFairfield, IA, United StatesNew Jersey 4, Englewood, NJ, United StatesNew Hampshire, United StatesLone Tree, CO, USANew Haven, CT, USAGreensboro, NC, United StatesKansas City, KS, USALos Angeles County, CA, USAClemson, SC, USATX, United StatesSilicon Valley, CA, USAWashington D.C., United StatesLancaster, PA, USACharlottesville, VA, USATriangle, VA, USAAllentown, PA, United StatesSaint Petersburg, FL, United StatesSanta Barbara, CA, USAPortland, ME, United StatesGig Harbor, WA, USAJupiter, FL, United StatesSilver Spring, MD, USAFredericksburg, TX, USADowney, CA, United StatesSomerville, MA, USAManchester, NH, USASomerville, MA, United StatesME, USAScottsdale, AZ, USASan Carlos, CA, United StatesChattanooga, TN, USAAshburn, VA, USACA, United StatesLowell, MA, USAVenice, Los Angeles, CA, USAMcLean, VA, USAAlbany, NY, United StatesLas Vegas, Nevada, United StatesAlexandria, VA, United StatesIllinois, United StatesLehi, UT, United StatesBentonville, AR, USAUSA/TokyoPrinceton, NJ, United StatesFort Collins, CO, USADraper, UT, United StatesAlabama, United StatesTulsa, OK, USAFairfax, VA, United StatesNorfolk, VA, USAEverett, WA, USASouth Carolina, USANortheastern Ohio, USAMilwaukee WI, WI, USADenton, TX, United StatesSt. Petersburg, FL, USAPlainfield, IN, USAFort Worth, TX, USAHartford, CT, United StatesQueen Creek, AZ, United StatesTX, USARaleigh, North Carolina, USADale City, VA 22193, USANew Mexico, United StatesVienna, VA, United StatesPetaluma, CA, United StatesLongmont, CO, United StatesFort Collins, CO, United StatesManteca, CA, USAOwosso, MI, USABroomfield, CO, USABella Vista, AR, USAAlameda, CA, USAVancouver, WA, United StatesSheffield Lake, OH, USABurlington, VT, USABurlingame Avenue, Burlingame, CA, USAMarina, CA, United StatesBowie, MD, USAClearwater, FL, United StatesLogan, UT, United StatesReno, NV, United StatesLausanne, SuisseMorgantown, WV, United StatesSpring, TX, United StatesLexington, MA, USAAventura, FL, USASpokane, WA, USAFort Worth, TX, United StatesIowa, USARockville, MD, USAAlpharetta, GA, USASand Lake, MI, United StatesDraper, UT, USASanta Fe, NM, USAWest Palm Beach, FL, United StatesHillsboro, OR, USAAlbuquerque, NM, USAOcelot Trail Road, Laguna Vista, TX, USAOrem, UT, USAHarrisburg, PA, United StatesManhattan, New York, NY, USASomerville, NJ, USAAustin, Texas, USALancaster, Pennsylvania, United StatesSan Francisco, CA 94132, United StatesJackson, MS, USABeaverton, OR, USAVernal, UT, United StatesCollege Park, MD, United StatesBend, OR, USABloomington, IN, USAFrederick, MD, USAWest Lafayette, IN, USASarasota, FL, United StatesAnchorage, AK, USAScituate, MA, United StatesAkron, OH, United StatesRhode Island, United StatesCedar Rapids, IA, United StatesBloomington, IN, United StatesBoston, United StatesMorrisville, NC, United StatesOlympia, WA, USAGilbert, AZ, USAVirginia Beach, VA, USAGA, USAMiami, Florida, United StatesHarrisburg, PA, USAKent, OH, United StatesUnited States Of EurasiaGranada Hills, Los Angeles, CA, United StatesAnnville, PA, USACary, NC, USACharlottesville, VA, United StatesOtsego, MN, United StatesNew York Metropolitan Area, USASan Francisco, Kalifornien, USALincoln, NE, USATampa Bay Area, FL, USAHillsboro, OR, United StatesSaint Charles, IL, USAAmherst, MA, USAWest Lafayette, IN, United StatesEvanston, IL, USAPort Saint Lucie, FL, USAErie, CO, USAColumbus, GA, USASan Francisco, United StatesUnion, WA, United StatesDurango, CO, United StatesRichardson, TX, USAWashington, D.C., USAIthaca, NY, USAAustin, Texas, United StatesWest Palm Beach, FL, USAIrving, TX, USABellingham, WA, United StatesBinghamton, NY, USACameron Park, CA, USAJohns-Hopkins - Homewood, Baltimore, MD, United StatesClarkston, MI, United StatesRedwood City, CA, United StatesSpring, TX, USAArlington, MA, USARichardson, TX, United StatesAmelia Island, Fernandina Beach, FL, USALos Angeles, California, United StatesColumbus, Ohio, United StatesWest Linn, OR, USAPorterville, CA, United StatesCollege Station, TX, United StatesMesa, AZ, USAnew york, new york, united statesOak Ridge, TN, USAVA, United StatesMissouri, United StatesGlen Allen, VA, United StatesMilpitas, CA, USAEllicott City, MD, United StatesMcKinney, TX, United StatesAtlanta, Georgia, United StatesKing of Prussia, PA, United StatesTallahassee, FL, United StatesIdaho Falls, ID, USAMissouri, USASan Francisco Bay, California, USAMD, United StatesMiami, Florida, USAKentucky, USALakewood, California United StatesEdison, NJ, United StatesOlathe, KS, United StatesYpsilanti, MI, USALiberty, USAGreater Boston, USAHawaii, USADenver, Colorado, USAFoster City, CA, United StatesMount Airy, MD, United StatesBlacksburg, VA, United StatesMesa, AZ, United StatesHollywood, Los Angeles, CA, United StatesLake Forest, CA, United StatesCarmel-by-the-Sea, CA, United StatesSouth New Jersey, USANew Brunswick, NJ, USASyracuse, NY, United StatesPortland, ME, USALansing, MI, USAVienna, VA, USAFerndale, MI, United StatesPeoria, IL, United StatesAthens, Georgia, United StatesDublin, OH, USABozeman, MT, United StatesSheboygan Falls, WI, USACalifornia,USASalem, OR, United StatesRichmond, TX, United StatesBoston, Massachusetts United StatesOxnard, CA, United StatesVA, USACulver City, CA, USAMaine, United StatesFargo, ND, United StatesSnohomish, WA, USAStaten Island, NY, United StatesArdmore, PA, USASouth Carolina, United StatesBrunswick, GA, USATN, USAWashington, DC United StatesWoodinville, WA, USAHolland, MI, United StatesAllentown, PA, USAMI, USANC, United StatesMinneapolis, Minnesota, United StatesStamford, CT, United StatesEast Lansing, MI, United StatesNorth Royalton, OH, USAHighlands Ranch, CO, USARoyal Oak, MI, USAErie, PA, United StatesChantilly, VA, United StatesKaty, TX, USAVienna, VA 22181, USAFlagstaff, AZ, United StatesFort Wayne, IN, USAIowa City, IA, USATroy, MI, USAArvada, CO, USACherry Hill, NJ, United StatesFort Wayne, IN, United States",9694,25493,258630,1.777,"United StatesUSACalifornia, USASan Francisco, CA, USALausanne, SwitzerlandSeattle, WA, USANew York, USAUnited States of AmericaBoston, MA, USANew Jersey, USAPortland, OR, USAVirginia, USAColorado, USANew York, NY, USAChicago, IL, USAFlorida, USAMaryland, USALausanneOregon, USASan Francisco, USAPortland, Oregon, USAMichigan, USAPittsburgh, PA, USAAustin, TX, USASeattle, USAPhiladelphia, PA, USAMassachusetts, USAAtlanta, GA, USACalifornia, United StatesPennsylvania, USANew York, United StatesNorth Carolina, USALos Angeles, CA, USATexas, USACambridge, MA, USASeattle, Washington, USAConnecticut, USAGeorgia, USAUtah, USAMinnesota, USAOhio, USADenver, CO, USANJ, USAMississippi, USARedmond, WA, USAusaWashington, USABoston, USAWashington, DC, USAChicago, USASan Jose, California, USAJerusalem, IsraelSan Jose, CA, USAUsaArizona, USASan Francisco, United StatesMountain View, CA, USAWisconsin, USASan Francisco, California, USAPortland, OR USAChicago, IL USACA, USASeattle, WA USAHillsboro, Oregon, USASan Diego, CA, USAFairfax, VA, USATempe, AZ 85281, USAMinneapolis, Minnesota, USAJerusalemNY, USARaleigh, NC, USABoulder, Colorado, USALos Angeles, USAPA, USABoulder, CO, USAMinneapolis, MN, USABrooklyn, NY, USASalt Lake City, Utah, USAPalo Alto, CA, USANew Hampshire, USAUtah, United StatesMountain View, California, USANYC, USAMadison, Wisconsin, USAIndiana, USABerkeley, CA, USAPalmdale, CA USAMA, USAMaine, USAFlorida, United StatesEast Coast, USAVA, USAUSA, France, India and GermanySan Francisco, CA USAHouston, TX, USAIllinois, USAClearwater, Florida (USA)Los Angeles, United StatesAnn Arbor, MI, USAMadison, WI, USADenver, Colorado, USABaltimore, MD, USAFL, USACA, United StatesPortland, Oregon USANC, USAColorado, United StatesDurham, NC, USATennessee, USANew York City, USASunnyvale, CA, USACT, USALos Angeles, California, USAIowa, USANew York, NY, United StatesPittsburgh, USAChicago, Illinois, USAWA, USASanta Clara, CA, USASan Francisco, CA, United StatesDelaware, USAMidwest, USAMN, USANew York, New York, USASeattle USAArkansas, USARhode Island, USAAustin, Texas, USASt. Louis, MO, USAAtlanta, GA USASeattle, WA, United StatesDe Kalb, IL  USASF Bay Area, California, USAIllinois, United StatesMissouri, USAOakland, CA, USASilicon Valley, California, USADallas, Texas, USAUT, USABoston, MA USAAnn Arbor, Michigan, USAOhio, United StatesSan Francisco Bay Area, CA, USAHouston, Texas, USALausanne, CHDenver, CO USANew York City, NY, USAWashington, United StatesSt. Louis, Missouri, USABoise, Idaho, USABusan, KoreaAustin, TX USABoston, Massachusetts, USACupertino, CA, USAOklahoma, USAKentucky, USACharlotte, NC, USABaltimore, USABirmingham, AL  USASouth Carolina, USACincinnati, OH, USATexas, United StatesThe United States of AmericaNew York, NY USADetroit, MI, USABloomington, Indiana, USABusan, South KoreaHouston, TX USAPennsylvania, United StatesPortland, OR, United StatesSoquel, CA. USANew Jersey, United StatesAtlanta, Georgia, USANorth Carolina, United StatesMaryland, United StatesMichigan, United StatesSomerville, MA, USAVermont, USARaleigh, NC USAAlbuquerque, NM, USAPortsmouth, NH, United StatesLouisville, KY, USAKirkland, WA, USAMidwest USASausalito, CAColumbus, OH, USACambridge, Massachusetts, USATwin Cities, Minnesota, USA, Earth, Sol, Alpha Quadrant, Milky WayTX, USACity of Englewood, Colorado, United StatesSalt Lake City, UT, USARedlands, California, USAPasadena, CA, USANH, USAPhoenix, AZ, USATN, USAWashington State, USARochester, NY, USASaint Louis, MO / Jupiter FL, USAFayetteville, AR, USAOregon, United StatesBloomington, Indiana USASacramento, CA, USAUSA & LondonMinneapolis, USAIrvine, CA, USABloomington, IN, USAWorcester, MA, USAChicago, IL, United StatesArizona, United StatesPhiladelphia, USAGeorgia, United Statesafk, MA, USALusaka, ZambiaTampa, FL, USATempe, AZ, USASydney, Australia. Mountain View, California, United StatesRedmond, Washington, USASan Francisco bay area, USAMinnesota, United StatesDallas, TX, USAPNW USACorvallis, OR, USADallas,Texas,USABaltimore, MD USAMD, USACleveland, OH, USASanta Barbara, CA, USALausanne Switzerland / Chambéry FranceColumbus, Ohio, USASouthern California, USAHarrisburg, PA, USAIdaho, USAPasadena, California, USARaleigh, North Carolina, USASt. Louis, Missouri  USAOklahoma City, OK, USAChapel Hill, NC, USABethesda, MD USASeattle, United StatesGrand Rapids, MI, USAWaltham, MA, USARedmond, WA USASan Antonio, TX, USAAlabama, USAThousand Oaks, CASilicon Valley, CA, USANashville, TN, USAVirginia, United StatesProvidence, RI, USAMinneapolis, MN USASaint Louis, Missouri, USAMiami, FL, USAEugene, Oregon, USAUSA / MEXSan Jose, CA, United StatesNew Orleans, LA, USABusan, Republic of KoreaBellevue, WA, USALos Angeles, CA USAFort Lauderdale, USAPhoenix, Arizona, USAWixom, MI, United StatesDC, USADurham, North Carolina, USAOmaha, NE, USARound Lake, IL, USASpokane, WA, USA, EarthMilwaukee, WI, USAWe store your personal data in the United States. See our privacy policy for more information.San Francisco Bay Area, USASeattle WA, USALusakaFlorida USALos Alamos, NM, USAPacific Northwest, USA100 Bureau Drive, Gaithersburg, 20899, Maryland, USAWashington DC, USAGreenville, SC, USANorthern Virginia, USANashville, TN USACalifornia USAAtlanta, USAPhiladelphia, PA USAAZ, United StatesStony Brook, NY, USAKansas City, United States of AmericaSalt Lake City, UT USALA, CA, USARedmond, USARed Lick, TX, USASanta Clara, California, USARI, USAWest Lafayette, IN, USAUSA, RockledgeKansas, USAArgentina, Brazil, Colombia and the USAAlbuquerque, New Mexico, United States of AmericaChicago, United StatesCrested Butte, CO, USASeattle, Washington USASan Diego, California, USAAtlanta, GA, United StatesBoston, MA, United StatesPrinceton, NJ, USAorange, CA, , USAGranada Hills, California USASioux Falls, SD, USASterling VA, United StatesPhiladelphia, United StatesKansas City, MO, USAAustria and USALas Vegas, NV, USAFletcher, North Carolina, USALausanne - SwitzerlandColumbus, Ohio, United StatesColumbus, Ohio USAEverywhere, USAIL, USASaint Louis, MO USASan Jose, USABoston. USAHouston, Texas, United States of America, Earth, Galactic Sector ZZ9 Plural Z AlphaIowa, United StatesRichmond, VA, USASouth Carolina, United StatesNY, United StatesIndia,Romania,United StatesOH, USABossier City, LA USAPhiladelphia USANew Zealand, Canada, India and USAPittsburgh, PA USATroy, NY, USAUnited States CABrooklyn, New York, USASocorro, NM USANew York City, United StatesBoulder, Colorado USASan Diego, CA USAAnnapolis, MD, USAEastern USAJersey City, United StatesEarth:USA:Florida:Tampa:33612Honolulu, HI, USACharlottesville, VA, USACharlottesville, Virginia, USAHawaii, USACambridge, USAJakarta PusatNew Mexico, USAIndianapolis, IN, USACleveland, Ohio, USAMenlo Park, CA, USAManassas, VA, USABoston MA USABusanBaltimore, Maryland, USALa Jolla, CA, USAOrlando, FL, USAPhoenixville, Pennsylvania, USAArlington, VA, USAAsheville, NC, USAReston, VA, USANorthern California, USANew York USAMontana, USARaleigh, USASaint Louis, MO, USADetroit, MI USABethlehem, PA, USAComputer Science, North Carolina State University, Raleigh, NC, USARedwood City, CA, USALaguna Niguel, CA, USA",193562.0,27852.0,59685.0,56849.4697923159,0,0.0,0.0,0.3802463324703852,0.46664209362329523,452192.0,5.514033105827479,0.0,0
VNM,2015,"VietnamHanoi, VietnamHo Chi Minh City, VietnamHà Nội, VietnamHo Chi Minh, VietnamHo Chi Minh City, Ho Chi Minh, VietnamDa Nang, VietnamHo Chi Minh, Ho Chi Minh City, VietnamHalong city, Quang Ninh province, VietnamNha Trang, Khanh Hoa Province, Vietnam",85,1056,7479,-0.211,"VietnamHanoi, VietnamHo Chi Minh City, VietnamVietNamHo Chi Minh, VietnamHo Chi Minh city, VietnamSaigon, VietnamvietnamDa Nang, VietnamDanang, VietnamHCMC, VietnamHanoi - Vietnamda nang, vietnamDanang city, VietnamHo Chi Minh - VietnamHanoi VietnamHa Noi, Vietnam",11060.0,876.0,3880.0,2577.56885340113,0,0.0,0.0,0.0804162724692526,0.22571502190157175,18539.0,1.5042810932997899,0.0,1
ZAF,2015,"South AfricaCape Town, South AfricaJohannesburg, South AfricaCape Town, Western Cape, South AfricaPretoria, South AfricaDurban, South AfricaJohannesburg, Gauteng, South AfricaPort Elizabeth, South AfricaPretoria, Gauteng, South AfricaAlberton, South AfricaStellenbosch South AfricaGeorge, South AfricaCenturion, Gauteng, South AfricaRandburg, Gauteng, South Africa233 George Anton Street, Pretoria, South AfricaCenturion, South AfricaSouth Africa / Taiwan",296,1930,15701,0.128,"South AfricaCape Town, South AfricaJohannesburg, South AfricaPretoria, South Africasouth africaDurban, South AfricaStellenbosch, South AfricaCenturion, South AfricaWorcester, South AfricaCape Town South AfricaWestern Cape, South AfricaJohannesburg, Gauteng, South AfricaGauteng, South Africa",10352.0,1285.0,3587.0,6112.27382485974,0,0.0,0.0,0.1532884515794925,0.3581382385730212,26053.0,2.600074519861713,0.0,1
